KeyName,KeyLastWriteTimestamp,BusReportedDescription,Class,ClassGuid,Compid,ContainerId,Description,DriverId,DriverPackageStrongName,DriverName,DriverVerDate,DriverVerVersion,Enumerator,HWID,Inf,InstallState,Manufacturer,MatchingId,Model,ParentId,ProblemCode,Provider,Service,Stackid
acpi/acpi0003/1,2022-07-24 15:13:40,,battery,{72631e54-78a4-11d0-bcf7-00aa00b7b32a},,{27db0821-3bf9-f71a-f96f-a53403857690},Microsoft AC Adapter,0000bff95c433c58c237242bdf1ee7185b962c950c40,cmbatt.inf_amd64_a4f5d0910b3cdca5,cmbatt.sys,06-21-2006,10.0.17763.1,acpi,"acpi\ven_acpi&dev_0003,acpi\acpi0003,*acpi0003",cmbatt.inf,0,Microsoft,acpi\acpi0003,Microsoft AC Adapter,acpi_hal\pnp0c08\0,0,Microsoft,cmbatt,"\driver\cmbatt,\driver\acpi"
acpi/fixedbutton/2&daba3ff&0,2022-07-24 15:13:42,,system,{4d36e97d-e325-11ce-bfc1-08002be10318},,{27db0821-3bf9-f71a-f96f-a53403857690},ACPI Fixed Feature Button,,machine.inf_amd64_8c0befd3f2017423,,06-21-2006,10.0.17763.1,acpi,"acpi\fixedbutton,*fixedbutton",machine.inf,0,(Standard system devices),acpi\fixedbutton,ACPI Fixed Feature Button,acpi_hal\pnp0c08\0,0,Microsoft,,\driver\acpi
acpi/genuineintel_-_intel64_family_6_model_94_-_intel(r)_xeon(r)_cpu_e3-1275_v5_@_3.60ghz/_0,2022-07-24 15:13:42,,processor,{50127dc3-0f36-415e-a6cc-4cb3be910b65},acpi\processor,{27db0821-3bf9-f71a-f96f-a53403857690},Intel(R) Xeon(R) CPU E3-1275 v5 @ 3.60GHz,0000eeab30a1583de4fc01c71c86b0de3d52f135794c,cpu.inf_amd64_6c6c72b0b50d29aa,intelppm.sys,04-21-2009,10.0.17763.1,acpi,"acpi\genuineintel_-_intel64_family_6_model_94,*genuineintel_-_intel64_family_6_model_94,acpi\genuineintel_-_intel64_family_6,*genuineintel_-_intel64_family_6,acpi\genuineintel_-_intel64,*genuineintel_-_intel64",cpu.inf,0,Intel,acpi\genuineintel_-_intel64,Intel Processor,acpi_hal\pnp0c08\0,0,Microsoft,intelppm,"\driver\intelppm,\driver\acpi"
acpi/genuineintel_-_intel64_family_6_model_94_-_intel(r)_xeon(r)_cpu_e3-1275_v5_@_3.60ghz/_1,2022-07-24 15:13:42,,processor,{50127dc3-0f36-415e-a6cc-4cb3be910b65},acpi\processor,{27db0821-3bf9-f71a-f96f-a53403857690},Intel(R) Xeon(R) CPU E3-1275 v5 @ 3.60GHz,0000eeab30a1583de4fc01c71c86b0de3d52f135794c,cpu.inf_amd64_6c6c72b0b50d29aa,intelppm.sys,04-21-2009,10.0.17763.1,acpi,"acpi\genuineintel_-_intel64_family_6_model_94,*genuineintel_-_intel64_family_6_model_94,acpi\genuineintel_-_intel64_family_6,*genuineintel_-_intel64_family_6,acpi\genuineintel_-_intel64,*genuineintel_-_intel64",cpu.inf,0,Intel,acpi\genuineintel_-_intel64,Intel Processor,acpi_hal\pnp0c08\0,0,Microsoft,intelppm,"\driver\intelppm,\driver\acpi"
acpi/genuineintel_-_intel64_family_6_model_94_-_intel(r)_xeon(r)_cpu_e3-1275_v5_@_3.60ghz/_2,2022-07-24 15:13:42,,processor,{50127dc3-0f36-415e-a6cc-4cb3be910b65},acpi\processor,{27db0821-3bf9-f71a-f96f-a53403857690},Intel(R) Xeon(R) CPU E3-1275 v5 @ 3.60GHz,0000eeab30a1583de4fc01c71c86b0de3d52f135794c,cpu.inf_amd64_6c6c72b0b50d29aa,intelppm.sys,04-21-2009,10.0.17763.1,acpi,"acpi\genuineintel_-_intel64_family_6_model_94,*genuineintel_-_intel64_family_6_model_94,acpi\genuineintel_-_intel64_family_6,*genuineintel_-_intel64_family_6,acpi\genuineintel_-_intel64,*genuineintel_-_intel64",cpu.inf,0,Intel,acpi\genuineintel_-_intel64,Intel Processor,acpi_hal\pnp0c08\0,0,Microsoft,intelppm,"\driver\intelppm,\driver\acpi"
acpi/genuineintel_-_intel64_family_6_model_94_-_intel(r)_xeon(r)_cpu_e3-1275_v5_@_3.60ghz/_3,2022-07-24 15:13:42,,processor,{50127dc3-0f36-415e-a6cc-4cb3be910b65},acpi\processor,{27db0821-3bf9-f71a-f96f-a53403857690},Intel(R) Xeon(R) CPU E3-1275 v5 @ 3.60GHz,0000eeab30a1583de4fc01c71c86b0de3d52f135794c,cpu.inf_amd64_6c6c72b0b50d29aa,intelppm.sys,04-21-2009,10.0.17763.1,acpi,"acpi\genuineintel_-_intel64_family_6_model_94,*genuineintel_-_intel64_family_6_model_94,acpi\genuineintel_-_intel64_family_6,*genuineintel_-_intel64_family_6,acpi\genuineintel_-_intel64,*genuineintel_-_intel64",cpu.inf,0,Intel,acpi\genuineintel_-_intel64,Intel Processor,acpi_hal\pnp0c08\0,0,Microsoft,intelppm,"\driver\intelppm,\driver\acpi"
acpi/pnp0001/4&1bd7f811&0,2022-07-24 15:13:42,,system,{4d36e97d-e325-11ce-bfc1-08002be10318},,{27db0821-3bf9-f71a-f96f-a53403857690},EISA programmable interrupt controller,,machine.inf_amd64_8c0befd3f2017423,,06-21-2006,10.0.17763.1,acpi,"acpi\ven_pnp&dev_0001,acpi\pnp0001,*pnp0001",machine.inf,0,(Standard system devices),*pnp0001,EISA programmable interrupt controller,pci\ven_8086&dev_7110&subsys_197615ad&rev_08\3&61aaa01&0&38,0,Microsoft,,\driver\acpi
acpi/pnp0100/4&1bd7f811&0,2022-07-24 15:13:42,,system,{4d36e97d-e325-11ce-bfc1-08002be10318},,{27db0821-3bf9-f71a-f96f-a53403857690},System timer,,machine.inf_amd64_8c0befd3f2017423,,06-21-2006,10.0.17763.1,acpi,"acpi\ven_pnp&dev_0100,acpi\pnp0100,*pnp0100",machine.inf,0,(Standard system devices),*pnp0100,System timer,pci\ven_8086&dev_7110&subsys_197615ad&rev_08\3&61aaa01&0&38,0,Microsoft,,\driver\acpi
acpi/pnp0200/4&1bd7f811&0,2022-07-24 15:13:42,,system,{4d36e97d-e325-11ce-bfc1-08002be10318},,{27db0821-3bf9-f71a-f96f-a53403857690},Direct memory access controller,,machine.inf_amd64_8c0befd3f2017423,,06-21-2006,10.0.17763.1,acpi,"acpi\ven_pnp&dev_0200,acpi\pnp0200,*pnp0200",machine.inf,0,(Standard system devices),*pnp0200,Direct memory access controller,pci\ven_8086&dev_7110&subsys_197615ad&rev_08\3&61aaa01&0&38,0,Microsoft,,\driver\acpi
acpi/pnp0303/4&1bd7f811&0,2022-07-24 15:13:40,,keyboard,{4d36e96b-e325-11ce-bfc1-08002be10318},,{27db0821-3bf9-f71a-f96f-a53403857690},Standard PS/2 Keyboard,000025e7e4adf546e3a6523e0ca861bc7a255ff2e516,keyboard.inf_amd64_ea49c08464284354,i8042prt.sys,06-21-2006,10.0.17763.348,acpi,"acpi\ven_pnp&dev_0303,acpi\pnp0303,*pnp0303",keyboard.inf,0,(Standard keyboards),*pnp0303,Standard PS/2 Keyboard,pci\ven_8086&dev_7110&subsys_197615ad&rev_08\3&61aaa01&0&38,0,Microsoft,i8042prt,"\driver\kbdclass,\driver\i8042prt,\driver\acpi"
acpi/pnp0800/4&1bd7f811&0,2022-07-24 15:13:42,,system,{4d36e97d-e325-11ce-bfc1-08002be10318},,{27db0821-3bf9-f71a-f96f-a53403857690},System speaker,,machine.inf_amd64_8c0befd3f2017423,,06-21-2006,10.0.17763.1,acpi,"acpi\ven_pnp&dev_0800,acpi\pnp0800,*pnp0800",machine.inf,0,(Standard system devices),*pnp0800,System speaker,pci\ven_8086&dev_7110&subsys_197615ad&rev_08\3&61aaa01&0&38,0,Microsoft,,\driver\acpi
acpi/pnp0a03/2&daba3ff&0,2022-07-24 15:13:40,,system,{4d36e97d-e325-11ce-bfc1-08002be10318},*pnp0a08,{27db0821-3bf9-f71a-f96f-a53403857690},PCI Bus,00003f1f00dd9c0389b8d070596220a1876b4f266706,pci.inf_amd64_6c10e88497deae2b,pci.sys,06-21-2006,10.0.17763.168,acpi,"acpi\ven_pnp&dev_0a03,acpi\pnp0a03,*pnp0a03",pci.inf,0,(Standard system devices),*pnp0a03,PCI Bus,acpi_hal\pnp0c08\0,0,Microsoft,pci,"\driver\pci,\driver\acpi"
acpi/pnp0a05/4&1bd7f811&0,2022-07-24 15:13:42,,system,{4d36e97d-e325-11ce-bfc1-08002be10318},,{27db0821-3bf9-f71a-f96f-a53403857690},Generic Bus,,machine.inf_amd64_8c0befd3f2017423,,06-21-2006,10.0.17763.1,acpi,"acpi\ven_pnp&dev_0a05,acpi\pnp0a05,*pnp0a05",machine.inf,0,(Standard system devices),*pnp0a05,Generic Bus,pci\ven_8086&dev_7110&subsys_197615ad&rev_08\3&61aaa01&0&38,0,Microsoft,,\driver\acpi
acpi/pnp0b00/4&1bd7f811&0,2022-07-24 15:13:40,,system,{4d36e97d-e325-11ce-bfc1-08002be10318},,{27db0821-3bf9-f71a-f96f-a53403857690},System CMOS/real time clock,,machine.inf_amd64_8c0befd3f2017423,,06-21-2006,10.0.17763.1,acpi,"acpi\ven_pnp&dev_0b00,acpi\pnp0b00,*pnp0b00",machine.inf,0,(Standard system devices),*pnp0b00,System CMOS/real time clock,pci\ven_8086&dev_7110&subsys_197615ad&rev_08\3&61aaa01&0&38,0,Microsoft,,\driver\acpi
acpi/pnp0c02/1f,2022-07-24 15:13:42,,system,{4d36e97d-e325-11ce-bfc1-08002be10318},,{27db0821-3bf9-f71a-f96f-a53403857690},Motherboard resources,,machine.inf_amd64_8c0befd3f2017423,,06-21-2006,10.0.17763.1,acpi,"acpi\ven_pnp&dev_0c02,acpi\pnp0c02,*pnp0c02",machine.inf,0,(Standard system devices),*pnp0c02,Motherboard resources,pci\ven_8086&dev_7110&subsys_197615ad&rev_08\3&61aaa01&0&38,0,Microsoft,,\driver\acpi
acpi/pnp0c02/4,2022-07-24 15:13:40,,system,{4d36e97d-e325-11ce-bfc1-08002be10318},,{27db0821-3bf9-f71a-f96f-a53403857690},Motherboard resources,,machine.inf_amd64_8c0befd3f2017423,,06-21-2006,10.0.17763.1,acpi,"acpi\ven_pnp&dev_0c02,acpi\pnp0c02,*pnp0c02",machine.inf,0,(Standard system devices),*pnp0c02,Motherboard resources,acpi\pnp0a03\2&daba3ff&0,0,Microsoft,,\driver\acpi
acpi/vmw0001/7,2022-07-24 15:13:40,,system,{4d36e97d-e325-11ce-bfc1-08002be10318},"acpi\vm_gen_counter,vm_gen_counter,*pnp0c02",{27db0821-3bf9-f71a-f96f-a53403857690},Microsoft Hyper-V Generation Counter,0000cd81d362e1e3d71395ad9a57fcb01130a3b26e2d,wgencounter.inf_amd64_0388ec4b208d14ed,vmgencounter.sys,06-21-2006,10.0.17763.1,acpi,"acpi\ven_vmw&dev_0001,acpi\vmw0001,*vmw0001",wgencounter.inf,0,Microsoft,vm_gen_counter,Microsoft Hyper-V Generation Counter,acpi\pnp0a03\2&daba3ff&0,0,Microsoft,gencounter,"\driver\gencounter,\driver\acpi"
acpi/vmw0003/4&1bd7f811&0,2022-07-24 15:13:42,,mouse,{4d36e96f-e325-11ce-bfc1-08002be10318},*pnp0f13,{27db0821-3bf9-f71a-f96f-a53403857690},VMware Pointing Device,000025e7e4adf546e3a6523e0ca861bc7a255ff2e516,vmmouse.inf_amd64_916101d3748847e7,i8042prt.sys,07-11-2019,12.5.10.0,acpi,"acpi\ven_vmw&dev_0003,acpi\vmw0003,*vmw0003",oem9.inf,0,"VMware, Inc.",*vmw0003,VMware Pointing Device,pci\ven_8086&dev_7110&subsys_197615ad&rev_08\3&61aaa01&0&38,0,"VMware, Inc.",i8042prt,"\driver\mouclass,\driver\vmmouse,\driver\i8042prt,\driver\acpi"
acpi_hal/pnp0c08/0,2022-07-24 15:13:42,,system,{4d36e97d-e325-11ce-bfc1-08002be10318},,{27db0821-3bf9-f71a-f96f-a53403857690},Microsoft ACPI-Compliant System,000072106f8b47ebfbc9e95f5ccc253e41152c26e0f3,acpi.inf_amd64_31d4536e856569e4,acpi.sys,06-21-2006,10.0.17763.1,acpi_hal,"acpi_hal\pnp0c08,*pnp0c08",acpi.inf,0,Microsoft,*pnp0c08,Microsoft ACPI-Compliant System,root\acpi_hal\0000,0,Microsoft,acpi,"\driver\acpi,\driver\acpi_hal"
display/default_monitor/4&427137e&0&uid0,2022-07-24 15:13:42,Generic Monitor,monitor,{4d36e96e-e325-11ce-bfc1-08002be10318},*pnp09ff,{33f74aa6-3200-a595-2468-4bd61579632d},Generic Non-PnP Monitor,00003f400ce63ca49266318165102c8c1c23c458ebf3,monitor.inf_amd64_586777b55035ee17,monitor.sys,06-21-2006,10.0.17763.1,display,monitor\default_monitor,monitor.inf,0,(Standard monitor types),monitor\default_monitor,Generic Non-PnP Monitor,pci\ven_15ad&dev_0405&subsys_040515ad&rev_00\3&61aaa01&0&78,0,Microsoft,monitor,"\driver\monitor,\driver\vm3dmp_loader"
ide/cdromnecvmwar_vmware_ide_cdr00_______________1.00____/5&1778b74b&0&0.0.0,2022-07-24 15:13:42,NECVMWar VMware IDE CDR00 ATA Device,cdrom,{4d36e965-e325-11ce-bfc1-08002be10318},gencdrom,{27db0821-3bf9-f71a-f96f-a53403857690},NECVMWar VMware IDE CDR00 ATA Device,00000a2143baf87c8700843a4eeece2d51383e9ae78a,cdrom.inf_amd64_c9d3aaa10821d960,cdrom.sys,06-21-2006,10.0.17763.1,ide,"ide\cdromnecvmwar_vmware_ide_cdr00_______________1.00____,ide\necvmwar_vmware_ide_cdr00_______________1.00____,ide\cdromnecvmwar_vmware_ide_cdr00_______________,necvmwar_vmware_ide_cdr00_______________1.00____,gencdrom",cdrom.inf,0,(Standard CD-ROM drives),gencdrom,CD-ROM Drive,pciide\idechannel\4&23686003&0&0,0,Microsoft,cdrom,"\driver\cdrom,\driver\atapi"
pci/ven_1000&dev_0054&subsys_197615ad&rev_01/4&2509f6e&0&00a8,2022-07-24 15:13:43,SAS Controller,scsiadapter,{4d36e97b-e325-11ce-bfc1-08002be10318},"pci\ven_1000&dev_0054&rev_01,pci\ven_1000&dev_0054,pci\ven_1000&cc_010700,pci\ven_1000&cc_0107,pci\ven_1000,pci\cc_010700&dt_0,pci\cc_010700,pci\cc_0107&dt_0,pci\cc_0107",{af2c1f5f-9154-b024-0010-09a6485ed464},"LSI Adapter, SAS 3000 series, 8-port with 1068",00001c7b905d24f843c9ca80de301e1accbb6622040f,lsi_sas.inf_amd64_74bb5e3e01cfd526,lsi_sas.sys,03-26-2013,1.34.3.83,pci,"pci\ven_1000&dev_0054&subsys_197615ad&rev_01,pci\ven_1000&dev_0054&subsys_197615ad,pci\ven_1000&dev_0054&cc_010700,pci\ven_1000&dev_0054&cc_0107",lsi_sas.inf,0,LSI,pci\ven_1000&dev_0054,"LSI Adapter, SAS 3000 series, 8-port with 1068",pci\ven_15ad&dev_07a0&subsys_07a015ad&rev_01\3&61aaa01&0&a8,0,LSI,lsi_sas,"\driver\lsi_sas,\driver\acpi,\driver\pci"
pci/ven_15ad&dev_0405&subsys_040515ad&rev_00/3&61aaa01&0&78,2022-07-24 15:13:42,Video Controller (VGA Compatible),display,{4d36e968-e325-11ce-bfc1-08002be10318},"pci\ven_15ad&dev_0405&rev_00,pci\ven_15ad&dev_0405,pci\ven_15ad&cc_030000,pci\ven_15ad&cc_0300,pci\ven_15ad,pci\cc_030000,pci\cc_0300",{27db0821-3bf9-f71a-f96f-a53403857690},VMware SVGA 3D,00007c3e00c9ec8086972397ef132dccf61faacbe0e3,vm3d.inf_amd64_e3eb5e2a70444b3f,vm3dmp_loader.sys,07-06-2021,8.17.3.5,pci,"pci\ven_15ad&dev_0405&subsys_040515ad&rev_00,pci\ven_15ad&dev_0405&subsys_040515ad,pci\ven_15ad&dev_0405&cc_030000,pci\ven_15ad&dev_0405&cc_0300",oem10.inf,0,"VMware, Inc.",pci\ven_15ad&dev_0405&subsys_040515ad&rev_00,VMware SVGA 3D,acpi\pnp0a03\2&daba3ff&0,0,"VMware, Inc.",vm3dmp_loader,"\driver\vm3dmp_loader,\driver\pci"
pci/ven_15ad&dev_0740&subsys_074015ad&rev_10/3&61aaa01&0&3f,2022-07-24 15:13:42,Base System Device,system,{4d36e97d-e325-11ce-bfc1-08002be10318},"pci\ven_15ad&dev_0740&rev_10,pci\ven_15ad&dev_0740,pci\ven_15ad&cc_088000,pci\ven_15ad&cc_0880,pci\ven_15ad,pci\cc_088000,pci\cc_0880",{27db0821-3bf9-f71a-f96f-a53403857690},VMware VMCI Bus Device,00003f950f1b8fe3ced9dbd8d7dd7dd8dacfe98021e3,vmci.inf_amd64_5e38a278d114b813,vmci.sys,07-11-2019,9.8.16.0,pci,"pci\ven_15ad&dev_0740&subsys_074015ad&rev_10,pci\ven_15ad&dev_0740&subsys_074015ad,pci\ven_15ad&dev_0740&cc_088000,pci\ven_15ad&dev_0740&cc_0880",oem4.inf,0,"VMware, Inc.",pci\ven_15ad&dev_0740&subsys_074015ad,VMware VMCI Bus Device,acpi\pnp0a03\2&daba3ff&0,0,"VMware, Inc.",vmci,"\driver\vmci,\driver\pci"
pci/ven_15ad&dev_0790&subsys_079015ad&rev_02/3&61aaa01&0&88,2022-07-24 15:13:42,PCI to PCI Bridge,system,{4d36e97d-e325-11ce-bfc1-08002be10318},"pci\ven_15ad&dev_0790&rev_02,pci\ven_15ad&dev_0790,pci\ven_15ad&cc_060401,pci\ven_15ad&cc_0604,pci\ven_15ad,pci\cc_060401,pci\cc_0604",{27db0821-3bf9-f71a-f96f-a53403857690},PCI-to-PCI Bridge,00003f1f00dd9c0389b8d070596220a1876b4f266706,pci.inf_amd64_6c10e88497deae2b,pci.sys,06-21-2006,10.0.17763.168,pci,"pci\ven_15ad&dev_0790&subsys_079015ad&rev_02,pci\ven_15ad&dev_0790&subsys_079015ad,pci\ven_15ad&dev_0790&cc_060401,pci\ven_15ad&dev_0790&cc_0604",pci.inf,0,(Standard system devices),pci\cc_0604,PCI-to-PCI Bridge,acpi\pnp0a03\2&daba3ff&0,0,Microsoft,pci,"\driver\pci,\driver\acpi,\driver\pci"
pci/ven_15ad&dev_07a0&subsys_07a015ad&rev_01/3&61aaa01&0&a8,2022-07-24 15:13:40,PCI to PCI Bridge,system,{4d36e97d-e325-11ce-bfc1-08002be10318},"pci\ven_15ad&dev_07a0&rev_01,pci\ven_15ad&dev_07a0,pci\ven_15ad&cc_060400,pci\ven_15ad&cc_0604,pci\ven_15ad,pci\cc_060400&dt_4,pci\cc_060400,pci\cc_0604&dt_4,pci\cc_0604",{27db0821-3bf9-f71a-f96f-a53403857690},PCI Express Root Port,00003f1f00dd9c0389b8d070596220a1876b4f266706,pci.inf_amd64_6c10e88497deae2b,pci.sys,06-21-2006,10.0.17763.168,pci,"pci\ven_15ad&dev_07a0&subsys_07a015ad&rev_01,pci\ven_15ad&dev_07a0&subsys_07a015ad,pci\ven_15ad&dev_07a0&cc_060400,pci\ven_15ad&dev_07a0&cc_0604",pci.inf,0,(Standard system devices),pci\cc_0604&dt_4,PCI Express Root Port,acpi\pnp0a03\2&daba3ff&0,0,Microsoft,pci,"\driver\pci,\driver\acpi,\driver\pci"
pci/ven_15ad&dev_07a0&subsys_07a015ad&rev_01/3&61aaa01&0&a9,2022-07-24 15:13:40,PCI to PCI Bridge,system,{4d36e97d-e325-11ce-bfc1-08002be10318},"pci\ven_15ad&dev_07a0&rev_01,pci\ven_15ad&dev_07a0,pci\ven_15ad&cc_060400,pci\ven_15ad&cc_0604,pci\ven_15ad,pci\cc_060400&dt_4,pci\cc_060400,pci\cc_0604&dt_4,pci\cc_0604",{27db0821-3bf9-f71a-f96f-a53403857690},PCI Express Root Port,00003f1f00dd9c0389b8d070596220a1876b4f266706,pci.inf_amd64_6c10e88497deae2b,pci.sys,06-21-2006,10.0.17763.168,pci,"pci\ven_15ad&dev_07a0&subsys_07a015ad&rev_01,pci\ven_15ad&dev_07a0&subsys_07a015ad,pci\ven_15ad&dev_07a0&cc_060400,pci\ven_15ad&dev_07a0&cc_0604",pci.inf,0,(Standard system devices),pci\cc_0604&dt_4,PCI Express Root Port,acpi\pnp0a03\2&daba3ff&0,0,Microsoft,pci,"\driver\pci,\driver\acpi,\driver\pci"
pci/ven_15ad&dev_07a0&subsys_07a015ad&rev_01/3&61aaa01&0&aa,2022-07-24 15:13:40,PCI to PCI Bridge,system,{4d36e97d-e325-11ce-bfc1-08002be10318},"pci\ven_15ad&dev_07a0&rev_01,pci\ven_15ad&dev_07a0,pci\ven_15ad&cc_060400,pci\ven_15ad&cc_0604,pci\ven_15ad,pci\cc_060400&dt_4,pci\cc_060400,pci\cc_0604&dt_4,pci\cc_0604",{27db0821-3bf9-f71a-f96f-a53403857690},PCI Express Root Port,00003f1f00dd9c0389b8d070596220a1876b4f266706,pci.inf_amd64_6c10e88497deae2b,pci.sys,06-21-2006,10.0.17763.168,pci,"pci\ven_15ad&dev_07a0&subsys_07a015ad&rev_01,pci\ven_15ad&dev_07a0&subsys_07a015ad,pci\ven_15ad&dev_07a0&cc_060400,pci\ven_15ad&dev_07a0&cc_0604",pci.inf,0,(Standard system devices),pci\cc_0604&dt_4,PCI Express Root Port,acpi\pnp0a03\2&daba3ff&0,0,Microsoft,pci,"\driver\pci,\driver\acpi,\driver\pci"
pci/ven_15ad&dev_07a0&subsys_07a015ad&rev_01/3&61aaa01&0&ab,2022-07-24 15:13:40,PCI to PCI Bridge,system,{4d36e97d-e325-11ce-bfc1-08002be10318},"pci\ven_15ad&dev_07a0&rev_01,pci\ven_15ad&dev_07a0,pci\ven_15ad&cc_060400,pci\ven_15ad&cc_0604,pci\ven_15ad,pci\cc_060400&dt_4,pci\cc_060400,pci\cc_0604&dt_4,pci\cc_0604",{27db0821-3bf9-f71a-f96f-a53403857690},PCI Express Root Port,00003f1f00dd9c0389b8d070596220a1876b4f266706,pci.inf_amd64_6c10e88497deae2b,pci.sys,06-21-2006,10.0.17763.168,pci,"pci\ven_15ad&dev_07a0&subsys_07a015ad&rev_01,pci\ven_15ad&dev_07a0&subsys_07a015ad,pci\ven_15ad&dev_07a0&cc_060400,pci\ven_15ad&dev_07a0&cc_0604",pci.inf,0,(Standard system devices),pci\cc_0604&dt_4,PCI Express Root Port,acpi\pnp0a03\2&daba3ff&0,0,Microsoft,pci,"\driver\pci,\driver\acpi,\driver\pci"
pci/ven_15ad&dev_07a0&subsys_07a015ad&rev_01/3&61aaa01&0&ac,2022-07-24 15:13:40,PCI to PCI Bridge,system,{4d36e97d-e325-11ce-bfc1-08002be10318},"pci\ven_15ad&dev_07a0&rev_01,pci\ven_15ad&dev_07a0,pci\ven_15ad&cc_060400,pci\ven_15ad&cc_0604,pci\ven_15ad,pci\cc_060400&dt_4,pci\cc_060400,pci\cc_0604&dt_4,pci\cc_0604",{27db0821-3bf9-f71a-f96f-a53403857690},PCI Express Root Port,00003f1f00dd9c0389b8d070596220a1876b4f266706,pci.inf_amd64_6c10e88497deae2b,pci.sys,06-21-2006,10.0.17763.168,pci,"pci\ven_15ad&dev_07a0&subsys_07a015ad&rev_01,pci\ven_15ad&dev_07a0&subsys_07a015ad,pci\ven_15ad&dev_07a0&cc_060400,pci\ven_15ad&dev_07a0&cc_0604",pci.inf,0,(Standard system devices),pci\cc_0604&dt_4,PCI Express Root Port,acpi\pnp0a03\2&daba3ff&0,0,Microsoft,pci,"\driver\pci,\driver\acpi,\driver\pci"
pci/ven_15ad&dev_07a0&subsys_07a015ad&rev_01/3&61aaa01&0&ad,2022-07-24 15:13:40,PCI to PCI Bridge,system,{4d36e97d-e325-11ce-bfc1-08002be10318},"pci\ven_15ad&dev_07a0&rev_01,pci\ven_15ad&dev_07a0,pci\ven_15ad&cc_060400,pci\ven_15ad&cc_0604,pci\ven_15ad,pci\cc_060400&dt_4,pci\cc_060400,pci\cc_0604&dt_4,pci\cc_0604",{27db0821-3bf9-f71a-f96f-a53403857690},PCI Express Root Port,00003f1f00dd9c0389b8d070596220a1876b4f266706,pci.inf_amd64_6c10e88497deae2b,pci.sys,06-21-2006,10.0.17763.168,pci,"pci\ven_15ad&dev_07a0&subsys_07a015ad&rev_01,pci\ven_15ad&dev_07a0&subsys_07a015ad,pci\ven_15ad&dev_07a0&cc_060400,pci\ven_15ad&dev_07a0&cc_0604",pci.inf,0,(Standard system devices),pci\cc_0604&dt_4,PCI Express Root Port,acpi\pnp0a03\2&daba3ff&0,0,Microsoft,pci,"\driver\pci,\driver\acpi,\driver\pci"
pci/ven_15ad&dev_07a0&subsys_07a015ad&rev_01/3&61aaa01&0&ae,2022-07-24 15:13:40,PCI to PCI Bridge,system,{4d36e97d-e325-11ce-bfc1-08002be10318},"pci\ven_15ad&dev_07a0&rev_01,pci\ven_15ad&dev_07a0,pci\ven_15ad&cc_060400,pci\ven_15ad&cc_0604,pci\ven_15ad,pci\cc_060400&dt_4,pci\cc_060400,pci\cc_0604&dt_4,pci\cc_0604",{27db0821-3bf9-f71a-f96f-a53403857690},PCI Express Root Port,00003f1f00dd9c0389b8d070596220a1876b4f266706,pci.inf_amd64_6c10e88497deae2b,pci.sys,06-21-2006,10.0.17763.168,pci,"pci\ven_15ad&dev_07a0&subsys_07a015ad&rev_01,pci\ven_15ad&dev_07a0&subsys_07a015ad,pci\ven_15ad&dev_07a0&cc_060400,pci\ven_15ad&dev_07a0&cc_0604",pci.inf,0,(Standard system devices),pci\cc_0604&dt_4,PCI Express Root Port,acpi\pnp0a03\2&daba3ff&0,0,Microsoft,pci,"\driver\pci,\driver\acpi,\driver\pci"
pci/ven_15ad&dev_07a0&subsys_07a015ad&rev_01/3&61aaa01&0&af,2022-07-24 15:13:40,PCI to PCI Bridge,system,{4d36e97d-e325-11ce-bfc1-08002be10318},"pci\ven_15ad&dev_07a0&rev_01,pci\ven_15ad&dev_07a0,pci\ven_15ad&cc_060400,pci\ven_15ad&cc_0604,pci\ven_15ad,pci\cc_060400&dt_4,pci\cc_060400,pci\cc_0604&dt_4,pci\cc_0604",{27db0821-3bf9-f71a-f96f-a53403857690},PCI Express Root Port,00003f1f00dd9c0389b8d070596220a1876b4f266706,pci.inf_amd64_6c10e88497deae2b,pci.sys,06-21-2006,10.0.17763.168,pci,"pci\ven_15ad&dev_07a0&subsys_07a015ad&rev_01,pci\ven_15ad&dev_07a0&subsys_07a015ad,pci\ven_15ad&dev_07a0&cc_060400,pci\ven_15ad&dev_07a0&cc_0604",pci.inf,0,(Standard system devices),pci\cc_0604&dt_4,PCI Express Root Port,acpi\pnp0a03\2&daba3ff&0,0,Microsoft,pci,"\driver\pci,\driver\acpi,\driver\pci"
pci/ven_15ad&dev_07a0&subsys_07a015ad&rev_01/3&61aaa01&0&b0,2022-07-24 15:13:40,PCI to PCI Bridge,system,{4d36e97d-e325-11ce-bfc1-08002be10318},"pci\ven_15ad&dev_07a0&rev_01,pci\ven_15ad&dev_07a0,pci\ven_15ad&cc_060400,pci\ven_15ad&cc_0604,pci\ven_15ad,pci\cc_060400&dt_4,pci\cc_060400,pci\cc_0604&dt_4,pci\cc_0604",{27db0821-3bf9-f71a-f96f-a53403857690},PCI Express Root Port,00003f1f00dd9c0389b8d070596220a1876b4f266706,pci.inf_amd64_6c10e88497deae2b,pci.sys,06-21-2006,10.0.17763.168,pci,"pci\ven_15ad&dev_07a0&subsys_07a015ad&rev_01,pci\ven_15ad&dev_07a0&subsys_07a015ad,pci\ven_15ad&dev_07a0&cc_060400,pci\ven_15ad&dev_07a0&cc_0604",pci.inf,0,(Standard system devices),pci\cc_0604&dt_4,PCI Express Root Port,acpi\pnp0a03\2&daba3ff&0,0,Microsoft,pci,"\driver\pci,\driver\acpi,\driver\pci"
pci/ven_15ad&dev_07a0&subsys_07a015ad&rev_01/3&61aaa01&0&b1,2022-07-24 15:13:40,PCI to PCI Bridge,system,{4d36e97d-e325-11ce-bfc1-08002be10318},"pci\ven_15ad&dev_07a0&rev_01,pci\ven_15ad&dev_07a0,pci\ven_15ad&cc_060400,pci\ven_15ad&cc_0604,pci\ven_15ad,pci\cc_060400&dt_4,pci\cc_060400,pci\cc_0604&dt_4,pci\cc_0604",{27db0821-3bf9-f71a-f96f-a53403857690},PCI Express Root Port,00003f1f00dd9c0389b8d070596220a1876b4f266706,pci.inf_amd64_6c10e88497deae2b,pci.sys,06-21-2006,10.0.17763.168,pci,"pci\ven_15ad&dev_07a0&subsys_07a015ad&rev_01,pci\ven_15ad&dev_07a0&subsys_07a015ad,pci\ven_15ad&dev_07a0&cc_060400,pci\ven_15ad&dev_07a0&cc_0604",pci.inf,0,(Standard system devices),pci\cc_0604&dt_4,PCI Express Root Port,acpi\pnp0a03\2&daba3ff&0,0,Microsoft,pci,"\driver\pci,\driver\acpi,\driver\pci"
pci/ven_15ad&dev_07a0&subsys_07a015ad&rev_01/3&61aaa01&0&b2,2022-07-24 15:13:41,PCI to PCI Bridge,system,{4d36e97d-e325-11ce-bfc1-08002be10318},"pci\ven_15ad&dev_07a0&rev_01,pci\ven_15ad&dev_07a0,pci\ven_15ad&cc_060400,pci\ven_15ad&cc_0604,pci\ven_15ad,pci\cc_060400&dt_4,pci\cc_060400,pci\cc_0604&dt_4,pci\cc_0604",{27db0821-3bf9-f71a-f96f-a53403857690},PCI Express Root Port,00003f1f00dd9c0389b8d070596220a1876b4f266706,pci.inf_amd64_6c10e88497deae2b,pci.sys,06-21-2006,10.0.17763.168,pci,"pci\ven_15ad&dev_07a0&subsys_07a015ad&rev_01,pci\ven_15ad&dev_07a0&subsys_07a015ad,pci\ven_15ad&dev_07a0&cc_060400,pci\ven_15ad&dev_07a0&cc_0604",pci.inf,0,(Standard system devices),pci\cc_0604&dt_4,PCI Express Root Port,acpi\pnp0a03\2&daba3ff&0,0,Microsoft,pci,"\driver\pci,\driver\acpi,\driver\pci"
pci/ven_15ad&dev_07a0&subsys_07a015ad&rev_01/3&61aaa01&0&b3,2022-07-24 15:13:41,PCI to PCI Bridge,system,{4d36e97d-e325-11ce-bfc1-08002be10318},"pci\ven_15ad&dev_07a0&rev_01,pci\ven_15ad&dev_07a0,pci\ven_15ad&cc_060400,pci\ven_15ad&cc_0604,pci\ven_15ad,pci\cc_060400&dt_4,pci\cc_060400,pci\cc_0604&dt_4,pci\cc_0604",{27db0821-3bf9-f71a-f96f-a53403857690},PCI Express Root Port,00003f1f00dd9c0389b8d070596220a1876b4f266706,pci.inf_amd64_6c10e88497deae2b,pci.sys,06-21-2006,10.0.17763.168,pci,"pci\ven_15ad&dev_07a0&subsys_07a015ad&rev_01,pci\ven_15ad&dev_07a0&subsys_07a015ad,pci\ven_15ad&dev_07a0&cc_060400,pci\ven_15ad&dev_07a0&cc_0604",pci.inf,0,(Standard system devices),pci\cc_0604&dt_4,PCI Express Root Port,acpi\pnp0a03\2&daba3ff&0,0,Microsoft,pci,"\driver\pci,\driver\acpi,\driver\pci"
pci/ven_15ad&dev_07a0&subsys_07a015ad&rev_01/3&61aaa01&0&b4,2022-07-24 15:13:41,PCI to PCI Bridge,system,{4d36e97d-e325-11ce-bfc1-08002be10318},"pci\ven_15ad&dev_07a0&rev_01,pci\ven_15ad&dev_07a0,pci\ven_15ad&cc_060400,pci\ven_15ad&cc_0604,pci\ven_15ad,pci\cc_060400&dt_4,pci\cc_060400,pci\cc_0604&dt_4,pci\cc_0604",{27db0821-3bf9-f71a-f96f-a53403857690},PCI Express Root Port,00003f1f00dd9c0389b8d070596220a1876b4f266706,pci.inf_amd64_6c10e88497deae2b,pci.sys,06-21-2006,10.0.17763.168,pci,"pci\ven_15ad&dev_07a0&subsys_07a015ad&rev_01,pci\ven_15ad&dev_07a0&subsys_07a015ad,pci\ven_15ad&dev_07a0&cc_060400,pci\ven_15ad&dev_07a0&cc_0604",pci.inf,0,(Standard system devices),pci\cc_0604&dt_4,PCI Express Root Port,acpi\pnp0a03\2&daba3ff&0,0,Microsoft,pci,"\driver\pci,\driver\acpi,\driver\pci"
pci/ven_15ad&dev_07a0&subsys_07a015ad&rev_01/3&61aaa01&0&b5,2022-07-24 15:13:41,PCI to PCI Bridge,system,{4d36e97d-e325-11ce-bfc1-08002be10318},"pci\ven_15ad&dev_07a0&rev_01,pci\ven_15ad&dev_07a0,pci\ven_15ad&cc_060400,pci\ven_15ad&cc_0604,pci\ven_15ad,pci\cc_060400&dt_4,pci\cc_060400,pci\cc_0604&dt_4,pci\cc_0604",{27db0821-3bf9-f71a-f96f-a53403857690},PCI Express Root Port,00003f1f00dd9c0389b8d070596220a1876b4f266706,pci.inf_amd64_6c10e88497deae2b,pci.sys,06-21-2006,10.0.17763.168,pci,"pci\ven_15ad&dev_07a0&subsys_07a015ad&rev_01,pci\ven_15ad&dev_07a0&subsys_07a015ad,pci\ven_15ad&dev_07a0&cc_060400,pci\ven_15ad&dev_07a0&cc_0604",pci.inf,0,(Standard system devices),pci\cc_0604&dt_4,PCI Express Root Port,acpi\pnp0a03\2&daba3ff&0,0,Microsoft,pci,"\driver\pci,\driver\acpi,\driver\pci"
pci/ven_15ad&dev_07a0&subsys_07a015ad&rev_01/3&61aaa01&0&b6,2022-07-24 15:13:41,PCI to PCI Bridge,system,{4d36e97d-e325-11ce-bfc1-08002be10318},"pci\ven_15ad&dev_07a0&rev_01,pci\ven_15ad&dev_07a0,pci\ven_15ad&cc_060400,pci\ven_15ad&cc_0604,pci\ven_15ad,pci\cc_060400&dt_4,pci\cc_060400,pci\cc_0604&dt_4,pci\cc_0604",{27db0821-3bf9-f71a-f96f-a53403857690},PCI Express Root Port,00003f1f00dd9c0389b8d070596220a1876b4f266706,pci.inf_amd64_6c10e88497deae2b,pci.sys,06-21-2006,10.0.17763.168,pci,"pci\ven_15ad&dev_07a0&subsys_07a015ad&rev_01,pci\ven_15ad&dev_07a0&subsys_07a015ad,pci\ven_15ad&dev_07a0&cc_060400,pci\ven_15ad&dev_07a0&cc_0604",pci.inf,0,(Standard system devices),pci\cc_0604&dt_4,PCI Express Root Port,acpi\pnp0a03\2&daba3ff&0,0,Microsoft,pci,"\driver\pci,\driver\acpi,\driver\pci"
pci/ven_15ad&dev_07a0&subsys_07a015ad&rev_01/3&61aaa01&0&b7,2022-07-24 15:13:41,PCI to PCI Bridge,system,{4d36e97d-e325-11ce-bfc1-08002be10318},"pci\ven_15ad&dev_07a0&rev_01,pci\ven_15ad&dev_07a0,pci\ven_15ad&cc_060400,pci\ven_15ad&cc_0604,pci\ven_15ad,pci\cc_060400&dt_4,pci\cc_060400,pci\cc_0604&dt_4,pci\cc_0604",{27db0821-3bf9-f71a-f96f-a53403857690},PCI Express Root Port,00003f1f00dd9c0389b8d070596220a1876b4f266706,pci.inf_amd64_6c10e88497deae2b,pci.sys,06-21-2006,10.0.17763.168,pci,"pci\ven_15ad&dev_07a0&subsys_07a015ad&rev_01,pci\ven_15ad&dev_07a0&subsys_07a015ad,pci\ven_15ad&dev_07a0&cc_060400,pci\ven_15ad&dev_07a0&cc_0604",pci.inf,0,(Standard system devices),pci\cc_0604&dt_4,PCI Express Root Port,acpi\pnp0a03\2&daba3ff&0,0,Microsoft,pci,"\driver\pci,\driver\acpi,\driver\pci"
pci/ven_15ad&dev_07a0&subsys_07a015ad&rev_01/3&61aaa01&0&b8,2022-07-24 15:13:41,PCI to PCI Bridge,system,{4d36e97d-e325-11ce-bfc1-08002be10318},"pci\ven_15ad&dev_07a0&rev_01,pci\ven_15ad&dev_07a0,pci\ven_15ad&cc_060400,pci\ven_15ad&cc_0604,pci\ven_15ad,pci\cc_060400&dt_4,pci\cc_060400,pci\cc_0604&dt_4,pci\cc_0604",{27db0821-3bf9-f71a-f96f-a53403857690},PCI Express Root Port,00003f1f00dd9c0389b8d070596220a1876b4f266706,pci.inf_amd64_6c10e88497deae2b,pci.sys,06-21-2006,10.0.17763.168,pci,"pci\ven_15ad&dev_07a0&subsys_07a015ad&rev_01,pci\ven_15ad&dev_07a0&subsys_07a015ad,pci\ven_15ad&dev_07a0&cc_060400,pci\ven_15ad&dev_07a0&cc_0604",pci.inf,0,(Standard system devices),pci\cc_0604&dt_4,PCI Express Root Port,acpi\pnp0a03\2&daba3ff&0,0,Microsoft,pci,"\driver\pci,\driver\acpi,\driver\pci"
pci/ven_15ad&dev_07a0&subsys_07a015ad&rev_01/3&61aaa01&0&b9,2022-07-24 15:13:41,PCI to PCI Bridge,system,{4d36e97d-e325-11ce-bfc1-08002be10318},"pci\ven_15ad&dev_07a0&rev_01,pci\ven_15ad&dev_07a0,pci\ven_15ad&cc_060400,pci\ven_15ad&cc_0604,pci\ven_15ad,pci\cc_060400&dt_4,pci\cc_060400,pci\cc_0604&dt_4,pci\cc_0604",{27db0821-3bf9-f71a-f96f-a53403857690},PCI Express Root Port,00003f1f00dd9c0389b8d070596220a1876b4f266706,pci.inf_amd64_6c10e88497deae2b,pci.sys,06-21-2006,10.0.17763.168,pci,"pci\ven_15ad&dev_07a0&subsys_07a015ad&rev_01,pci\ven_15ad&dev_07a0&subsys_07a015ad,pci\ven_15ad&dev_07a0&cc_060400,pci\ven_15ad&dev_07a0&cc_0604",pci.inf,0,(Standard system devices),pci\cc_0604&dt_4,PCI Express Root Port,acpi\pnp0a03\2&daba3ff&0,0,Microsoft,pci,"\driver\pci,\driver\acpi,\driver\pci"
pci/ven_15ad&dev_07a0&subsys_07a015ad&rev_01/3&61aaa01&0&ba,2022-07-24 15:13:41,PCI to PCI Bridge,system,{4d36e97d-e325-11ce-bfc1-08002be10318},"pci\ven_15ad&dev_07a0&rev_01,pci\ven_15ad&dev_07a0,pci\ven_15ad&cc_060400,pci\ven_15ad&cc_0604,pci\ven_15ad,pci\cc_060400&dt_4,pci\cc_060400,pci\cc_0604&dt_4,pci\cc_0604",{27db0821-3bf9-f71a-f96f-a53403857690},PCI Express Root Port,00003f1f00dd9c0389b8d070596220a1876b4f266706,pci.inf_amd64_6c10e88497deae2b,pci.sys,06-21-2006,10.0.17763.168,pci,"pci\ven_15ad&dev_07a0&subsys_07a015ad&rev_01,pci\ven_15ad&dev_07a0&subsys_07a015ad,pci\ven_15ad&dev_07a0&cc_060400,pci\ven_15ad&dev_07a0&cc_0604",pci.inf,0,(Standard system devices),pci\cc_0604&dt_4,PCI Express Root Port,acpi\pnp0a03\2&daba3ff&0,0,Microsoft,pci,"\driver\pci,\driver\acpi,\driver\pci"
pci/ven_15ad&dev_07a0&subsys_07a015ad&rev_01/3&61aaa01&0&bb,2022-07-24 15:13:41,PCI to PCI Bridge,system,{4d36e97d-e325-11ce-bfc1-08002be10318},"pci\ven_15ad&dev_07a0&rev_01,pci\ven_15ad&dev_07a0,pci\ven_15ad&cc_060400,pci\ven_15ad&cc_0604,pci\ven_15ad,pci\cc_060400&dt_4,pci\cc_060400,pci\cc_0604&dt_4,pci\cc_0604",{27db0821-3bf9-f71a-f96f-a53403857690},PCI Express Root Port,00003f1f00dd9c0389b8d070596220a1876b4f266706,pci.inf_amd64_6c10e88497deae2b,pci.sys,06-21-2006,10.0.17763.168,pci,"pci\ven_15ad&dev_07a0&subsys_07a015ad&rev_01,pci\ven_15ad&dev_07a0&subsys_07a015ad,pci\ven_15ad&dev_07a0&cc_060400,pci\ven_15ad&dev_07a0&cc_0604",pci.inf,0,(Standard system devices),pci\cc_0604&dt_4,PCI Express Root Port,acpi\pnp0a03\2&daba3ff&0,0,Microsoft,pci,"\driver\pci,\driver\acpi,\driver\pci"
pci/ven_15ad&dev_07a0&subsys_07a015ad&rev_01/3&61aaa01&0&bc,2022-07-24 15:13:41,PCI to PCI Bridge,system,{4d36e97d-e325-11ce-bfc1-08002be10318},"pci\ven_15ad&dev_07a0&rev_01,pci\ven_15ad&dev_07a0,pci\ven_15ad&cc_060400,pci\ven_15ad&cc_0604,pci\ven_15ad,pci\cc_060400&dt_4,pci\cc_060400,pci\cc_0604&dt_4,pci\cc_0604",{27db0821-3bf9-f71a-f96f-a53403857690},PCI Express Root Port,00003f1f00dd9c0389b8d070596220a1876b4f266706,pci.inf_amd64_6c10e88497deae2b,pci.sys,06-21-2006,10.0.17763.168,pci,"pci\ven_15ad&dev_07a0&subsys_07a015ad&rev_01,pci\ven_15ad&dev_07a0&subsys_07a015ad,pci\ven_15ad&dev_07a0&cc_060400,pci\ven_15ad&dev_07a0&cc_0604",pci.inf,0,(Standard system devices),pci\cc_0604&dt_4,PCI Express Root Port,acpi\pnp0a03\2&daba3ff&0,0,Microsoft,pci,"\driver\pci,\driver\acpi,\driver\pci"
pci/ven_15ad&dev_07a0&subsys_07a015ad&rev_01/3&61aaa01&0&bd,2022-07-24 15:13:41,PCI to PCI Bridge,system,{4d36e97d-e325-11ce-bfc1-08002be10318},"pci\ven_15ad&dev_07a0&rev_01,pci\ven_15ad&dev_07a0,pci\ven_15ad&cc_060400,pci\ven_15ad&cc_0604,pci\ven_15ad,pci\cc_060400&dt_4,pci\cc_060400,pci\cc_0604&dt_4,pci\cc_0604",{27db0821-3bf9-f71a-f96f-a53403857690},PCI Express Root Port,00003f1f00dd9c0389b8d070596220a1876b4f266706,pci.inf_amd64_6c10e88497deae2b,pci.sys,06-21-2006,10.0.17763.168,pci,"pci\ven_15ad&dev_07a0&subsys_07a015ad&rev_01,pci\ven_15ad&dev_07a0&subsys_07a015ad,pci\ven_15ad&dev_07a0&cc_060400,pci\ven_15ad&dev_07a0&cc_0604",pci.inf,0,(Standard system devices),pci\cc_0604&dt_4,PCI Express Root Port,acpi\pnp0a03\2&daba3ff&0,0,Microsoft,pci,"\driver\pci,\driver\acpi,\driver\pci"
pci/ven_15ad&dev_07a0&subsys_07a015ad&rev_01/3&61aaa01&0&be,2022-07-24 15:13:41,PCI to PCI Bridge,system,{4d36e97d-e325-11ce-bfc1-08002be10318},"pci\ven_15ad&dev_07a0&rev_01,pci\ven_15ad&dev_07a0,pci\ven_15ad&cc_060400,pci\ven_15ad&cc_0604,pci\ven_15ad,pci\cc_060400&dt_4,pci\cc_060400,pci\cc_0604&dt_4,pci\cc_0604",{27db0821-3bf9-f71a-f96f-a53403857690},PCI Express Root Port,00003f1f00dd9c0389b8d070596220a1876b4f266706,pci.inf_amd64_6c10e88497deae2b,pci.sys,06-21-2006,10.0.17763.168,pci,"pci\ven_15ad&dev_07a0&subsys_07a015ad&rev_01,pci\ven_15ad&dev_07a0&subsys_07a015ad,pci\ven_15ad&dev_07a0&cc_060400,pci\ven_15ad&dev_07a0&cc_0604",pci.inf,0,(Standard system devices),pci\cc_0604&dt_4,PCI Express Root Port,acpi\pnp0a03\2&daba3ff&0,0,Microsoft,pci,"\driver\pci,\driver\acpi,\driver\pci"
pci/ven_15ad&dev_07a0&subsys_07a015ad&rev_01/3&61aaa01&0&bf,2022-07-24 15:13:41,PCI to PCI Bridge,system,{4d36e97d-e325-11ce-bfc1-08002be10318},"pci\ven_15ad&dev_07a0&rev_01,pci\ven_15ad&dev_07a0,pci\ven_15ad&cc_060400,pci\ven_15ad&cc_0604,pci\ven_15ad,pci\cc_060400&dt_4,pci\cc_060400,pci\cc_0604&dt_4,pci\cc_0604",{27db0821-3bf9-f71a-f96f-a53403857690},PCI Express Root Port,00003f1f00dd9c0389b8d070596220a1876b4f266706,pci.inf_amd64_6c10e88497deae2b,pci.sys,06-21-2006,10.0.17763.168,pci,"pci\ven_15ad&dev_07a0&subsys_07a015ad&rev_01,pci\ven_15ad&dev_07a0&subsys_07a015ad,pci\ven_15ad&dev_07a0&cc_060400,pci\ven_15ad&dev_07a0&cc_0604",pci.inf,0,(Standard system devices),pci\cc_0604&dt_4,PCI Express Root Port,acpi\pnp0a03\2&daba3ff&0,0,Microsoft,pci,"\driver\pci,\driver\acpi,\driver\pci"
pci/ven_15ad&dev_07a0&subsys_07a015ad&rev_01/3&61aaa01&0&c0,2022-07-24 15:13:41,PCI to PCI Bridge,system,{4d36e97d-e325-11ce-bfc1-08002be10318},"pci\ven_15ad&dev_07a0&rev_01,pci\ven_15ad&dev_07a0,pci\ven_15ad&cc_060400,pci\ven_15ad&cc_0604,pci\ven_15ad,pci\cc_060400&dt_4,pci\cc_060400,pci\cc_0604&dt_4,pci\cc_0604",{27db0821-3bf9-f71a-f96f-a53403857690},PCI Express Root Port,00003f1f00dd9c0389b8d070596220a1876b4f266706,pci.inf_amd64_6c10e88497deae2b,pci.sys,06-21-2006,10.0.17763.168,pci,"pci\ven_15ad&dev_07a0&subsys_07a015ad&rev_01,pci\ven_15ad&dev_07a0&subsys_07a015ad,pci\ven_15ad&dev_07a0&cc_060400,pci\ven_15ad&dev_07a0&cc_0604",pci.inf,0,(Standard system devices),pci\cc_0604&dt_4,PCI Express Root Port,acpi\pnp0a03\2&daba3ff&0,0,Microsoft,pci,"\driver\pci,\driver\acpi,\driver\pci"
pci/ven_15ad&dev_07a0&subsys_07a015ad&rev_01/3&61aaa01&0&c1,2022-07-24 15:13:41,PCI to PCI Bridge,system,{4d36e97d-e325-11ce-bfc1-08002be10318},"pci\ven_15ad&dev_07a0&rev_01,pci\ven_15ad&dev_07a0,pci\ven_15ad&cc_060400,pci\ven_15ad&cc_0604,pci\ven_15ad,pci\cc_060400&dt_4,pci\cc_060400,pci\cc_0604&dt_4,pci\cc_0604",{27db0821-3bf9-f71a-f96f-a53403857690},PCI Express Root Port,00003f1f00dd9c0389b8d070596220a1876b4f266706,pci.inf_amd64_6c10e88497deae2b,pci.sys,06-21-2006,10.0.17763.168,pci,"pci\ven_15ad&dev_07a0&subsys_07a015ad&rev_01,pci\ven_15ad&dev_07a0&subsys_07a015ad,pci\ven_15ad&dev_07a0&cc_060400,pci\ven_15ad&dev_07a0&cc_0604",pci.inf,0,(Standard system devices),pci\cc_0604&dt_4,PCI Express Root Port,acpi\pnp0a03\2&daba3ff&0,0,Microsoft,pci,"\driver\pci,\driver\acpi,\driver\pci"
pci/ven_15ad&dev_07a0&subsys_07a015ad&rev_01/3&61aaa01&0&c2,2022-07-24 15:13:41,PCI to PCI Bridge,system,{4d36e97d-e325-11ce-bfc1-08002be10318},"pci\ven_15ad&dev_07a0&rev_01,pci\ven_15ad&dev_07a0,pci\ven_15ad&cc_060400,pci\ven_15ad&cc_0604,pci\ven_15ad,pci\cc_060400&dt_4,pci\cc_060400,pci\cc_0604&dt_4,pci\cc_0604",{27db0821-3bf9-f71a-f96f-a53403857690},PCI Express Root Port,00003f1f00dd9c0389b8d070596220a1876b4f266706,pci.inf_amd64_6c10e88497deae2b,pci.sys,06-21-2006,10.0.17763.168,pci,"pci\ven_15ad&dev_07a0&subsys_07a015ad&rev_01,pci\ven_15ad&dev_07a0&subsys_07a015ad,pci\ven_15ad&dev_07a0&cc_060400,pci\ven_15ad&dev_07a0&cc_0604",pci.inf,0,(Standard system devices),pci\cc_0604&dt_4,PCI Express Root Port,acpi\pnp0a03\2&daba3ff&0,0,Microsoft,pci,"\driver\pci,\driver\acpi,\driver\pci"
pci/ven_15ad&dev_07a0&subsys_07a015ad&rev_01/3&61aaa01&0&c3,2022-07-24 15:13:41,PCI to PCI Bridge,system,{4d36e97d-e325-11ce-bfc1-08002be10318},"pci\ven_15ad&dev_07a0&rev_01,pci\ven_15ad&dev_07a0,pci\ven_15ad&cc_060400,pci\ven_15ad&cc_0604,pci\ven_15ad,pci\cc_060400&dt_4,pci\cc_060400,pci\cc_0604&dt_4,pci\cc_0604",{27db0821-3bf9-f71a-f96f-a53403857690},PCI Express Root Port,00003f1f00dd9c0389b8d070596220a1876b4f266706,pci.inf_amd64_6c10e88497deae2b,pci.sys,06-21-2006,10.0.17763.168,pci,"pci\ven_15ad&dev_07a0&subsys_07a015ad&rev_01,pci\ven_15ad&dev_07a0&subsys_07a015ad,pci\ven_15ad&dev_07a0&cc_060400,pci\ven_15ad&dev_07a0&cc_0604",pci.inf,0,(Standard system devices),pci\cc_0604&dt_4,PCI Express Root Port,acpi\pnp0a03\2&daba3ff&0,0,Microsoft,pci,"\driver\pci,\driver\acpi,\driver\pci"
pci/ven_15ad&dev_07a0&subsys_07a015ad&rev_01/3&61aaa01&0&c4,2022-07-24 15:13:41,PCI to PCI Bridge,system,{4d36e97d-e325-11ce-bfc1-08002be10318},"pci\ven_15ad&dev_07a0&rev_01,pci\ven_15ad&dev_07a0,pci\ven_15ad&cc_060400,pci\ven_15ad&cc_0604,pci\ven_15ad,pci\cc_060400&dt_4,pci\cc_060400,pci\cc_0604&dt_4,pci\cc_0604",{27db0821-3bf9-f71a-f96f-a53403857690},PCI Express Root Port,00003f1f00dd9c0389b8d070596220a1876b4f266706,pci.inf_amd64_6c10e88497deae2b,pci.sys,06-21-2006,10.0.17763.168,pci,"pci\ven_15ad&dev_07a0&subsys_07a015ad&rev_01,pci\ven_15ad&dev_07a0&subsys_07a015ad,pci\ven_15ad&dev_07a0&cc_060400,pci\ven_15ad&dev_07a0&cc_0604",pci.inf,0,(Standard system devices),pci\cc_0604&dt_4,PCI Express Root Port,acpi\pnp0a03\2&daba3ff&0,0,Microsoft,pci,"\driver\pci,\driver\acpi,\driver\pci"
pci/ven_15ad&dev_07a0&subsys_07a015ad&rev_01/3&61aaa01&0&c5,2022-07-24 15:13:42,PCI to PCI Bridge,system,{4d36e97d-e325-11ce-bfc1-08002be10318},"pci\ven_15ad&dev_07a0&rev_01,pci\ven_15ad&dev_07a0,pci\ven_15ad&cc_060400,pci\ven_15ad&cc_0604,pci\ven_15ad,pci\cc_060400&dt_4,pci\cc_060400,pci\cc_0604&dt_4,pci\cc_0604",{27db0821-3bf9-f71a-f96f-a53403857690},PCI Express Root Port,00003f1f00dd9c0389b8d070596220a1876b4f266706,pci.inf_amd64_6c10e88497deae2b,pci.sys,06-21-2006,10.0.17763.168,pci,"pci\ven_15ad&dev_07a0&subsys_07a015ad&rev_01,pci\ven_15ad&dev_07a0&subsys_07a015ad,pci\ven_15ad&dev_07a0&cc_060400,pci\ven_15ad&dev_07a0&cc_0604",pci.inf,0,(Standard system devices),pci\cc_0604&dt_4,PCI Express Root Port,acpi\pnp0a03\2&daba3ff&0,0,Microsoft,pci,"\driver\pci,\driver\acpi,\driver\pci"
pci/ven_15ad&dev_07a0&subsys_07a015ad&rev_01/3&61aaa01&0&c6,2022-07-24 15:13:42,PCI to PCI Bridge,system,{4d36e97d-e325-11ce-bfc1-08002be10318},"pci\ven_15ad&dev_07a0&rev_01,pci\ven_15ad&dev_07a0,pci\ven_15ad&cc_060400,pci\ven_15ad&cc_0604,pci\ven_15ad,pci\cc_060400&dt_4,pci\cc_060400,pci\cc_0604&dt_4,pci\cc_0604",{27db0821-3bf9-f71a-f96f-a53403857690},PCI Express Root Port,00003f1f00dd9c0389b8d070596220a1876b4f266706,pci.inf_amd64_6c10e88497deae2b,pci.sys,06-21-2006,10.0.17763.168,pci,"pci\ven_15ad&dev_07a0&subsys_07a015ad&rev_01,pci\ven_15ad&dev_07a0&subsys_07a015ad,pci\ven_15ad&dev_07a0&cc_060400,pci\ven_15ad&dev_07a0&cc_0604",pci.inf,0,(Standard system devices),pci\cc_0604&dt_4,PCI Express Root Port,acpi\pnp0a03\2&daba3ff&0,0,Microsoft,pci,"\driver\pci,\driver\acpi,\driver\pci"
pci/ven_15ad&dev_07a0&subsys_07a015ad&rev_01/3&61aaa01&0&c7,2022-07-24 15:13:42,PCI to PCI Bridge,system,{4d36e97d-e325-11ce-bfc1-08002be10318},"pci\ven_15ad&dev_07a0&rev_01,pci\ven_15ad&dev_07a0,pci\ven_15ad&cc_060400,pci\ven_15ad&cc_0604,pci\ven_15ad,pci\cc_060400&dt_4,pci\cc_060400,pci\cc_0604&dt_4,pci\cc_0604",{27db0821-3bf9-f71a-f96f-a53403857690},PCI Express Root Port,00003f1f00dd9c0389b8d070596220a1876b4f266706,pci.inf_amd64_6c10e88497deae2b,pci.sys,06-21-2006,10.0.17763.168,pci,"pci\ven_15ad&dev_07a0&subsys_07a015ad&rev_01,pci\ven_15ad&dev_07a0&subsys_07a015ad,pci\ven_15ad&dev_07a0&cc_060400,pci\ven_15ad&dev_07a0&cc_0604",pci.inf,0,(Standard system devices),pci\cc_0604&dt_4,PCI Express Root Port,acpi\pnp0a03\2&daba3ff&0,0,Microsoft,pci,"\driver\pci,\driver\acpi,\driver\pci"
pci/ven_8086&dev_100f&subsys_075015ad&rev_01/4&bbf9765&0&0888,2022-07-24 15:13:42,Ethernet Controller,net,{4d36e972-e325-11ce-bfc1-08002be10318},"pci\ven_8086&dev_100f&rev_01,pci\ven_8086&dev_100f,pci\ven_8086&cc_020000,pci\ven_8086&cc_0200,pci\ven_8086,pci\cc_020000,pci\cc_0200",{27db0821-3bf9-f71a-f96f-a53403857690},Intel(R) PRO/1000 MT Network Connection,000000a7cd17a03b4cfbcdef4f597fa89935161f95b0,nete1g3e.inf_amd64_af58b4e19562a3f9,e1g6032e.sys,03-23-2010,8.4.13.0,pci,"pci\ven_8086&dev_100f&subsys_075015ad&rev_01,pci\ven_8086&dev_100f&subsys_075015ad,pci\ven_8086&dev_100f&cc_020000,pci\ven_8086&dev_100f&cc_0200",nete1g3e.inf,0,Intel,pci\ven_8086&dev_100f,Intel(R) PRO/1000 MT Network Connection,pci\ven_15ad&dev_0790&subsys_079015ad&rev_02\3&61aaa01&0&88,0,Microsoft,e1g60,"\driver\e1g60,\driver\acpi,\driver\pci"
pci/ven_8086&dev_7110&subsys_197615ad&rev_08/3&61aaa01&0&38,2022-07-24 15:13:42,PCI to ISA Bridge,system,{4d36e97d-e325-11ce-bfc1-08002be10318},"pci\ven_8086&dev_7110&rev_08,pci\ven_8086&dev_7110,pci\ven_8086&cc_060100,pci\ven_8086&cc_0601,pci\ven_8086,pci\cc_060100,pci\cc_0601",{27db0821-3bf9-f71a-f96f-a53403857690},PCI to ISA Bridge,000060464c70e8c9266175a6f4a3cd249d96732db8d5,machine.inf_amd64_8c0befd3f2017423,msisadrv.sys,06-21-2006,10.0.17763.1,pci,"pci\ven_8086&dev_7110&subsys_197615ad&rev_08,pci\ven_8086&dev_7110&subsys_197615ad,pci\ven_8086&dev_7110&cc_060100,pci\ven_8086&dev_7110&cc_0601",machine.inf,0,Intel,pci\ven_8086&dev_7110&cc_0601,PCI to ISA Bridge,acpi\pnp0a03\2&daba3ff&0,0,Microsoft,msisadrv,"\driver\msisadrv,\driver\acpi,\driver\pci"
pci/ven_8086&dev_7111&subsys_197615ad&rev_01/3&61aaa01&0&39,2022-07-24 15:13:42,IDE Controller,hdc,{4d36e96a-e325-11ce-bfc1-08002be10318},"pci\ven_8086&dev_7111&rev_01,pci\ven_8086&dev_7111,pci\ven_8086&cc_01018a,pci\ven_8086&cc_0101,pci\ven_8086,pci\cc_01018a,pci\cc_0101",{27db0821-3bf9-f71a-f96f-a53403857690},Intel(R) 82371AB/EB PCI Bus Master IDE Controller,00003a114c8630b05bfb7e7fad22c4b944cf1c693efb,mshdc.inf_amd64_18236881cad44fdc,intelide.sys,06-21-2006,10.0.17763.168,pci,"pci\ven_8086&dev_7111&subsys_197615ad&rev_01,pci\ven_8086&dev_7111&subsys_197615ad,pci\ven_8086&dev_7111&cc_01018a,pci\ven_8086&dev_7111&cc_0101",mshdc.inf,0,Intel,pci\ven_8086&dev_7111,Intel(R) 82371AB/EB PCI Bus Master IDE Controller,acpi\pnp0a03\2&daba3ff&0,0,Microsoft,intelide,"\driver\intelide,\driver\acpi,\driver\pci"
pci/ven_8086&dev_7190&subsys_197615ad&rev_01/3&61aaa01&0&00,2022-07-24 15:13:42,PCI HOST Bridge,system,{4d36e97d-e325-11ce-bfc1-08002be10318},"pci\ven_8086&dev_7190&rev_01,pci\ven_8086&dev_7190,pci\ven_8086&cc_060000,pci\ven_8086&cc_0600,pci\ven_8086,pci\cc_060000,pci\cc_0600",{27db0821-3bf9-f71a-f96f-a53403857690},CPU to PCI Bridge,,machine.inf_amd64_8c0befd3f2017423,,06-21-2006,10.0.17763.1,pci,"pci\ven_8086&dev_7190&subsys_197615ad&rev_01,pci\ven_8086&dev_7190&subsys_197615ad,pci\ven_8086&dev_7190&cc_060000,pci\ven_8086&dev_7190&cc_0600",machine.inf,0,Intel,pci\ven_8086&dev_7190,CPU to PCI Bridge,acpi\pnp0a03\2&daba3ff&0,0,Microsoft,,\driver\pci
pci/ven_8086&dev_7191&subsys_00000000&rev_01/3&61aaa01&0&08,2022-07-24 15:13:40,PCI to PCI Bridge,system,{4d36e97d-e325-11ce-bfc1-08002be10318},"pci\ven_8086&cc_060400,pci\ven_8086&cc_0604,pci\ven_8086,pci\cc_060400,pci\cc_0604",{27db0821-3bf9-f71a-f96f-a53403857690},PCI-to-PCI Bridge,00003f1f00dd9c0389b8d070596220a1876b4f266706,pci.inf_amd64_6c10e88497deae2b,pci.sys,06-21-2006,10.0.17763.168,pci,"pci\ven_8086&dev_7191&subsys_00000000&rev_01,pci\ven_8086&dev_7191&subsys_00000000,pci\ven_8086&dev_7191&rev_01,pci\ven_8086&dev_7191,pci\ven_8086&dev_7191&cc_060400,pci\ven_8086&dev_7191&cc_0604",pci.inf,0,(Standard system devices),pci\cc_0604,PCI-to-PCI Bridge,acpi\pnp0a03\2&daba3ff&0,0,Microsoft,pci,"\driver\pci,\driver\acpi,\driver\pci"
pciide/idechannel/4&23686003&0&0,2022-07-24 15:13:42,ATA Channel 0,hdc,{4d36e96a-e325-11ce-bfc1-08002be10318},*pnp0600,{27db0821-3bf9-f71a-f96f-a53403857690},ATA Channel 0,0000f0ef55fc029b1702ceb7476d5f4fe5d74ee5bdb3,mshdc.inf_amd64_18236881cad44fdc,atapi.sys,06-21-2006,10.0.17763.168,pciide,"intel-piix4,internal_ide_channel",mshdc.inf,0,(Standard IDE ATA/ATAPI controllers),internal_ide_channel,IDE Channel,pci\ven_8086&dev_7111&subsys_197615ad&rev_01\3&61aaa01&0&39,0,Microsoft,atapi,"\driver\atapi,\driver\intelide"
pciide/idechannel/4&23686003&0&1,2022-07-24 15:13:42,ATA Channel 1,hdc,{4d36e96a-e325-11ce-bfc1-08002be10318},*pnp0600,{27db0821-3bf9-f71a-f96f-a53403857690},ATA Channel 1,0000f0ef55fc029b1702ceb7476d5f4fe5d74ee5bdb3,mshdc.inf_amd64_18236881cad44fdc,atapi.sys,06-21-2006,10.0.17763.168,pciide,"intel-piix4,internal_ide_channel",mshdc.inf,0,(Standard IDE ATA/ATAPI controllers),internal_ide_channel,IDE Channel,pci\ven_8086&dev_7111&subsys_197615ad&rev_01\3&61aaa01&0&39,0,Microsoft,atapi,"\driver\atapi,\driver\intelide"
root/acpi_hal/0000,2022-07-24 15:13:42,,computer,{4d36e966-e325-11ce-bfc1-08002be10318},"detectedinternal\acpi_hal,detected\acpi_hal",{27db0821-3bf9-f71a-f96f-a53403857690},ACPI x64-based PC,,hal.inf_amd64_8ccb2c339b9af7df,,06-21-2006,10.0.17763.1,root,acpiapic,hal.inf,0,(Standard computers),acpiapic,ACPI x64-based PC,htree\root\0,0,Microsoft,,"\driver\acpi_hal,\driver\pnpmanager"
root/basicdisplay/0000,2022-07-24 15:13:40,,system,{4d36e97d-e325-11ce-bfc1-08002be10318},,{27db0821-3bf9-f71a-f96f-a53403857690},Microsoft Basic Display Driver,0000ad12015d4f1002013c18936effbc0fdeb7190666,basicdisplay.inf_amd64_5103ac179273be89,basicdisplay.sys,06-21-2006,10.0.17763.1,root,root\basicdisplay,basicdisplay.inf,0,(Standard display types),root\basicdisplay,Microsoft Basic Display Driver,htree\root\0,0,Microsoft,basicdisplay,"\driver\basicdisplay,\driver\pnpmanager"
root/basicrender/0000,2022-07-24 15:13:42,,system,{4d36e97d-e325-11ce-bfc1-08002be10318},,{27db0821-3bf9-f71a-f96f-a53403857690},Microsoft Basic Render Driver,0000d18fb6e07248e83842420c34a87e588e1b72567c,basicrender.inf_amd64_0b8d03c3bc0e7fd9,basicrender.sys,06-21-2006,10.0.17763.1,root,root\basicrender,basicrender.inf,0,Microsoft,root\basicrender,Microsoft Basic Render Driver,htree\root\0,0,Microsoft,basicrender,"\driver\basicrender,\driver\pnpmanager"
root/compositebus/0000,2022-07-24 15:13:40,,system,{4d36e97d-e325-11ce-bfc1-08002be10318},,{27db0821-3bf9-f71a-f96f-a53403857690},Composite Bus Enumerator,0000b768b0599360abb86996461b330962debccc040b,compositebus.inf_amd64_e4d35af746093dc3,compositebus.sys,06-21-2006,10.0.17763.1,root,root\compositebus,compositebus.inf,0,Microsoft,root\compositebus,Composite Bus Enumerator,htree\root\0,0,Microsoft,compositebus,"\driver\compositebus,\driver\pnpmanager"
root/kdnic/0000,2022-07-24 15:13:40,,net,{4d36e972-e325-11ce-bfc1-08002be10318},,{27db0821-3bf9-f71a-f96f-a53403857690},Microsoft Kernel Debug Network Adapter,0000bf8acd064c6c9161181108a6a1b4b4451ef05ea5,kdnic.inf_amd64_da6ad2661bd3c83f,kdnic.sys,06-21-2006,10.0.17763.1,root,root\kdnic,kdnic.inf,0,Microsoft,root\kdnic,Microsoft Kernel Debug Network Adapter,htree\root\0,0,Microsoft,kdnic,"\driver\kdnic,\driver\pnpmanager"
root/mssmbios/0000,2022-07-24 15:13:42,,system,{4d36e97d-e325-11ce-bfc1-08002be10318},,{27db0821-3bf9-f71a-f96f-a53403857690},Microsoft System Management BIOS Driver,0000ac55093d05a5aa56ddc28b6adcc4f08e46e3409c,mssmbios.inf_amd64_fe366e7eced97a2a,mssmbios.sys,06-21-2006,10.0.17763.1,root,root\mssmbios,mssmbios.inf,0,(Standard system devices),root\mssmbios,Microsoft System Management BIOS Driver,htree\root\0,0,Microsoft,mssmbios,"\driver\mssmbios,\driver\pnpmanager"
root/ndisvirtualbus/0000,2022-07-24 15:13:42,,system,{4d36e97d-e325-11ce-bfc1-08002be10318},,{27db0821-3bf9-f71a-f96f-a53403857690},NDIS Virtual Network Adapter Enumerator,00008c6472ff1a0eb59bb3d5ef1654f3e5c9e19fdcda,ndisvirtualbus.inf_amd64_774577904053af23,ndisvirtualbus.sys,06-21-2006,10.0.17763.1,root,root\ndisvirtualbus,ndisvirtualbus.inf,0,Microsoft,root\ndisvirtualbus,NDIS Virtual Network Adapter Enumerator,htree\root\0,0,Microsoft,ndisvirtualbus,"\driver\ndisvirtualbus,\driver\pnpmanager"
root/rdpbus/0000,2022-07-24 15:13:42,,system,{4d36e97d-e325-11ce-bfc1-08002be10318},,{27db0821-3bf9-f71a-f96f-a53403857690},Remote Desktop Device Redirector Bus,0000c345b5e4fe052d6025bb6b8dbea25b5b97e3c231,rdpbus.inf_amd64_c40a4ab7e50f0675,rdpbus.sys,06-21-2006,10.0.17763.1,root,root\rdpbus,rdpbus.inf,0,Microsoft,root\rdpbus,Remote Desktop Device Redirector Bus,htree\root\0,0,Microsoft,rdpbus,"\driver\rdpbus,\driver\pnpmanager"
root/spaceport/0000,2022-07-24 15:13:40,,scsiadapter,{4d36e97b-e325-11ce-bfc1-08002be10318},"detectedinternal\spaceport,detected\spaceport",{27db0821-3bf9-f71a-f96f-a53403857690},Microsoft Storage Spaces Controller,00003b465e3bcc98af6cd352155544bc39f79d80575e,spaceport.inf_amd64_3635a42b2359b758,spaceport.sys,06-21-2006,10.0.17763.348,root,root\spaceport,spaceport.inf,0,Microsoft,root\spaceport,Microsoft Storage Spaces Controller,htree\root\0,0,Microsoft,spaceport,"\driver\spaceport,\driver\pnpmanager"
root/system/0000,2022-07-24 15:13:42,,system,{4d36e97d-e325-11ce-bfc1-08002be10318},,{27db0821-3bf9-f71a-f96f-a53403857690},Plug and Play Software Device Enumerator,0000258244c45ed2615224aea1828bf32d5a3ed5c4b5,swenum.inf_amd64_31f554b660026323,swenum.sys,09-14-2018,10.0.17763.1,root,root\swenum,swenum.inf,0,(Standard system devices),root\swenum,Plug and Play Software Device Enumerator,htree\root\0,0,Microsoft,swenum,"\driver\swenum,\driver\pnpmanager"
root/umbus/0000,2022-07-24 15:13:42,,system,{4d36e97d-e325-11ce-bfc1-08002be10318},,{27db0821-3bf9-f71a-f96f-a53403857690},UMBus Root Bus Enumerator,00004596ff7fcb5c8afb68cfd0f17bbbdc8deb07193d,umbus.inf_amd64_d80c6644f2b98419,umbus.sys,06-21-2006,10.0.17763.1,root,root\umbus,umbus.inf,0,Microsoft,root\umbus,UMBus Root Bus Enumerator,htree\root\0,0,Microsoft,umbus,"\driver\umbus,\driver\pnpmanager"
root/vdrvroot/0000,2022-07-24 15:13:40,,system,{4d36e97d-e325-11ce-bfc1-08002be10318},,{27db0821-3bf9-f71a-f96f-a53403857690},Microsoft Virtual Drive Enumerator,00001416cd77d41287138295d3d1cbfa8b93a470eeed,vdrvroot.inf_amd64_5cdebe29069284d7,vdrvroot.sys,06-21-2006,10.0.17763.1,root,root\vdrvroot,vdrvroot.inf,0,Microsoft,root\vdrvroot,Microsoft Virtual Drive Enumerator,htree\root\0,0,Microsoft,vdrvroot,"\driver\vdrvroot,\driver\pnpmanager"
root/vid/0000,2022-07-24 15:13:40,,system,{4d36e97d-e325-11ce-bfc1-08002be10318},,{27db0821-3bf9-f71a-f96f-a53403857690},Microsoft Hyper-V Virtualization Infrastructure Driver,0000df8c1acaa4c3c77ea13b298a8187ee37a184b932,wvid.inf_amd64_40f1799a34d37fc2,vid.sys,06-21-2006,10.0.17763.194,root,root\vid,wvid.inf,0,Microsoft,root\vid,Microsoft Hyper-V Virtualization Infrastructure Driver,htree\root\0,0,Microsoft,vid,"\driver\vid,\driver\pnpmanager"
root/vmwvmcihostdev/0000,2022-07-24 15:13:42,,system,{4d36e97d-e325-11ce-bfc1-08002be10318},,{27db0821-3bf9-f71a-f96f-a53403857690},VMware VMCI Host Device,00003f950f1b8fe3ced9dbd8d7dd7dd8dacfe98021e3,vmci.inf_amd64_5e38a278d114b813,vmci.sys,07-11-2019,9.8.16.0,root,root\vmwvmcihostdev,oem4.inf,0,"VMware, Inc.",root\vmwvmcihostdev,VMware VMCI Host Device,htree\root\0,0,"VMware, Inc.",vmci,"\driver\vmci,\driver\pnpmanager"
root/volmgr/0000,2022-07-24 15:13:40,,system,{4d36e97d-e325-11ce-bfc1-08002be10318},"detectedinternal\volmgr,detected\volmgr",{27db0821-3bf9-f71a-f96f-a53403857690},Volume Manager,0000d15ba28dbfa84be78db9103a6f7af5da8bae66ea,volmgr.inf_amd64_4ce4727f7e01ab4d,volmgr.sys,06-21-2006,10.0.17763.168,root,root\volmgr,volmgr.inf,0,Microsoft,root\volmgr,Volume Manager,htree\root\0,0,Microsoft,volmgr,"\driver\volmgr,\driver\pnpmanager"
scsi/disk&ven_vmware_&prod_vmware_virtual_s/5&1ec51bf7&0&000000,2022-07-24 15:13:43,"VMware, VMware Virtual S SCSI Disk Device",diskdrive,{4d36e967-e325-11ce-bfc1-08002be10318},"scsi\disk,scsi\raw",{af2c1f5f-9154-b024-0010-09a6485ed464},"VMware, VMware Virtual S SCSI Disk Device",000039201f7d4abe8c729666a17293731355bde90293,disk.inf_amd64_4ab6ec3355375ffc,disk.sys,06-21-2006,10.0.17763.1,scsi,"scsi\diskvmware__vmware_virtual_s1.0_,scsi\diskvmware__vmware_virtual_s,scsi\diskvmware__,scsi\vmware__vmware_virtual_s1,vmware__vmware_virtual_s1,gendisk",disk.inf,0,(Standard disk drives),gendisk,Disk drive,pci\ven_1000&dev_0054&subsys_197615ad&rev_01\4&2509f6e&0&00a8,0,Microsoft,disk,"\driver\partmgr,\driver\disk,\driver\lsi_sas"
storage/volume/{ad04d85b-4a91-11e9-a74e-806e6f6e6963}#0000000000100000,2022-07-24 15:13:43,,volume,{71a27cdd-812a-11d0-bec7-08002be2092f},,{af2c1f5f-9154-b024-0010-09a6485ed464},Volume,0000906e2cd9f6757972372bc34aae5202e9746ea3c1,volume.inf_amd64_7e8ae4445c14c34e,volume.sys,06-21-2006,10.0.17763.1,storage,storage\volume,volume.inf,0,Microsoft,storage\volume,Volume,root\volmgr\0000,0,Microsoft,volume,"\driver\volsnap,\driver\volume,\driver\rdyboost,\driver\iorate,\driver\fvevol,\driver\volmgr"
swd/mmdevapi/microsoftgswavetablesynth,2022-07-24 15:13:42,Microsoft GS Wavetable Synth,softwaredevice,{62f9c741-b25a-46ce-b54c-9bccce08b6f2},"swd\genericraw,swd\generic",{27db0821-3bf9-f71a-f96f-a53403857690},Microsoft GS Wavetable Synth,,c_swdevice.inf_amd64_219b51249b5c224a,,06-21-2006,10.0.17763.1,swd,,c_swdevice.inf,0,Microsoft,swd\genericraw,Generic software device,htree\root\0,0,Microsoft,,\driver\softwaredevice
swd/printenum/printqueues,2022-07-24 15:13:40,Root Print Queue,printqueue,{1ed2bbf9-11f0-4084-b21f-ad83a8e6dcdc},"swd\genericraw,swd\generic",{27db0821-3bf9-f71a-f96f-a53403857690},Root Print Queue,,printqueue.inf_amd64_011c5fc316cd6c94,,06-21-2006,10.0.17763.1,swd,printenum\localprintqueue,printqueue.inf,0,Microsoft,printenum\localprintqueue,Local Print Queue,htree\root\0,0,Microsoft,,\driver\softwaredevice
swd/printenum/{a0fda490-acdd-4350-ab5b-c0d3f7823ef6},2022-07-24 15:13:40,,printqueue,{1ed2bbf9-11f0-4084-b21f-ad83a8e6dcdc},"genprintqueue,swd\genericraw,swd\generic",{f90220f9-4f8a-608d-278b-198c3c4938ad},Microsoft Print to PDF,,printqueue.inf_amd64_011c5fc316cd6c94,,06-21-2006,10.0.17763.1,swd,"printenum\{084f01fa-e634-4d77-83ee-074817c03581},printenum\localprintqueue,{084f01fa-e634-4d77-83ee-074817c03581}",printqueue.inf,0,Microsoft,printenum\localprintqueue,Local Print Queue,swd\printenum\printqueues,0,Microsoft,,\driver\softwaredevice
swd/printenum/{d6c9b8ea-d4cc-4d92-af23-85b551be7f24},2022-07-24 15:13:42,,printqueue,{1ed2bbf9-11f0-4084-b21f-ad83a8e6dcdc},"genprintqueue,swd\genericraw,swd\generic",{6e6c2e2f-33a6-9d36-1acd-33707a987196},Microsoft XPS Document Writer,,printqueue.inf_amd64_011c5fc316cd6c94,,06-21-2006,10.0.17763.1,swd,"printenum\{0f4130dd-19c7-7ab6-99a1-980f03b2ee4e},printenum\localprintqueue,{0f4130dd-19c7-7ab6-99a1-980f03b2ee4e}",printqueue.inf,0,Microsoft,printenum\localprintqueue,Local Print Queue,swd\printenum\printqueues,0,Microsoft,,\driver\softwaredevice
swd/printenum/{ee0406ff-dbeb-407f-9269-5250428f5eaf},2022-07-24 15:13:43,,printqueue,{1ed2bbf9-11f0-4084-b21f-ad83a8e6dcdc},"genprintqueue,swd\genericraw,swd\generic",{f7522009-9b95-3d39-82b1-850eeec071d9},Fax,,printqueue.inf_amd64_011c5fc316cd6c94,,06-21-2006,10.0.17763.1,swd,"printenum\microsoftmicrosoft_s7d14,printenum\localprintqueue,microsoftmicrosoft_s7d14",printqueue.inf,0,Microsoft,printenum\localprintqueue,Local Print Queue,swd\printenum\printqueues,0,Microsoft,,\driver\softwaredevice
swd/radio/{3db5895d-cc28-44b3-ad3d-6f01a782b8d2},2022-07-24 15:13:42,Microsoft Radio Device Enumeration Bus,softwaredevice,{62f9c741-b25a-46ce-b54c-9bccce08b6f2},"swd\genericraw,swd\generic",{27db0821-3bf9-f71a-f96f-a53403857690},Microsoft Radio Device Enumeration Bus,,c_swdevice.inf_amd64_219b51249b5c224a,,06-21-2006,10.0.17763.1,swd,,c_swdevice.inf,0,Microsoft,swd\genericraw,Generic software device,htree\root\0,0,Microsoft,,\driver\softwaredevice
{dcf559fe-4c61-5c76-ba06-1048719a2bae},2022-07-24 15:13:42,,ComputerHardwareId,,"BiosVendor:Phoenix Technologies LTD,BiosVersion:6.00,BiosReleaseDate:11/12/2020,BiosMajorRelease:0x4,BiosMinorRelease:0x6,SystemManufacturer:VMware, Inc.,SystemProduct:VMware Virtual Platform,SystemFamily:,SystemSKUNumber:,BaseboardManufacturer:,BaseboardProduct:,BaseboardVersion:,EnclosureType:0x1",{dcf559fe-4c61-5c76-ba06-1048719a2bae},,,,,,,ComputerHardwareId,"{2959b9a0-a7e2-5748-9008-576a0e297afc},{bf394fe3-dc4c-54f1-ae58-9317a4608331},{b20c27de-d6bc-5967-8ce9-1e1a31fee232},{4270eed1-4758-545b-8280-b80f0eb947c8},{27ba637b-843e-58ac-8d78-3006feac89d3},{1aaa6118-f19d-50ee-b799-86dfb0bfaf55}",,0,"VMware, Inc.",{dcf559fe-4c61-5c76-ba06-1048719a2bae},,,0,,,
