ControlSet,CacheEntryPosition,Path,LastModifiedTimeUTC,Executed,Duplicate,SourceFile
1,0,00000009	07e6756c75370000	000a000045630000	8664	Microsoft.Windows.Photos	8wekyb3d8bbwe	,,NA,False,D:\Cases\Analysis\Registry\SYSTEM
1,1,C:\Program Files\WindowsApps\Microsoft.Windows.Photos_2022.30060.30007.0_x64__8wekyb3d8bbwe\Application,2022-07-24 15:35:51,NA,False,D:\Cases\Analysis\Registry\SYSTEM
1,2,C:\Windows\system32\ipconfig.exe,2018-09-15 07:29:14,NA,False,D:\Cases\Analysis\Registry\SYSTEM
1,3,00000009	2f4b03e9000f0000	000a000045630000	8664	Microsoft.WindowsStore	8wekyb3d8bbwe	,,NA,False,D:\Cases\Analysis\Registry\SYSTEM
1,4,C:\Program Files\WindowsApps\Microsoft.WindowsStore_12107.1001.15.0_x64__8wekyb3d8bbwe\Application,2022-07-24 15:35:47,NA,False,D:\Cases\Analysis\Registry\SYSTEM
1,5,00000009	07e6756c75370000	000a000055f00000	8664	Microsoft.Windows.Photos	8wekyb3d8bbwe	,,NA,False,D:\Cases\Analysis\Registry\SYSTEM
1,6,00000009	2f4b03e9000f0000	000a000047ba0000	8664	Microsoft.WindowsStore	8wekyb3d8bbwe	,,NA,False,D:\Cases\Analysis\Registry\SYSTEM
1,7,C:\Program Files\WindowsApps\Microsoft.WindowsAlarms_10.2101.28.0_x64__8wekyb3d8bbwe\Application,2022-07-24 15:35:15,NA,False,D:\Cases\Analysis\Registry\SYSTEM
1,8,00000009	000a083900040000	000a000045630000	8664	Microsoft.People	8wekyb3d8bbwe	,,NA,False,D:\Cases\Analysis\Registry\SYSTEM
1,9,00000009	000a0835001c0000	000a000045630000	8664	Microsoft.WindowsAlarms	8wekyb3d8bbwe	,,NA,False,D:\Cases\Analysis\Registry\SYSTEM
1,10,C:\Program Files\WindowsApps\Microsoft.MicrosoftOfficeHub_18.2205.1091.0_x64__8wekyb3d8bbwe\Application,2022-07-24 15:34:50,NA,False,D:\Cases\Analysis\Registry\SYSTEM
1,11,00000009	0012089d04430000	000a00004a610000	8664	Microsoft.MicrosoftOfficeHub	8wekyb3d8bbwe	,,NA,False,D:\Cases\Analysis\Registry\SYSTEM
1,12,00000009	0006089b040d0000	000a000047ba0000	8664	Microsoft.MSPaint	8wekyb3d8bbwe	,,NA,False,D:\Cases\Analysis\Registry\SYSTEM
1,13,00000009	000a4e90277f0000	000a00004bc80000	8664	Microsoft.ZuneMusic	8wekyb3d8bbwe	,,NA,False,D:\Cases\Analysis\Registry\SYSTEM
1,14,00000009	000a083800020000	000a00004bc80000	8664	Microsoft.WindowsMaps	8wekyb3d8bbwe	,,NA,False,D:\Cases\Analysis\Registry\SYSTEM
1,15,00000009	000a07d808e50000	000a000047ba0000	8664	Microsoft.ScreenSketch	8wekyb3d8bbwe	,,NA,False,D:\Cases\Analysis\Registry\SYSTEM
1,16,00000009	000a0837001c0000	000a000045630000	8664	Microsoft.WindowsSoundRecorder	8wekyb3d8bbwe	,,NA,False,D:\Cases\Analysis\Registry\SYSTEM
1,17,C:\Program Files\WindowsApps\Microsoft.Messaging_4.1901.10241.1000_x64__8wekyb3d8bbwe\Application,2022-07-24 15:33:34,NA,False,D:\Cases\Analysis\Registry\SYSTEM
1,18,00000009	000100076b1e0000	000a000027410000	8664	Microsoft.NET.Native.Runtime.1.7	8wekyb3d8bbwe	,,NA,False,D:\Cases\Analysis\Registry\SYSTEM
1,19,00000000	000100076b1e0000	000a000027410000	8664	Microsoft.NET.Native.Runtime.1.7	8wekyb3d8bbwe	,,NA,False,D:\Cases\Analysis\Registry\SYSTEM
1,20,00000000	000100076b150000	000a000027410000	8664	Microsoft.NET.Native.Framework.1.7	8wekyb3d8bbwe	,,NA,False,D:\Cases\Analysis\Registry\SYSTEM
1,21,00000009	0005026d107e0000	000a00004a610000	8664	Microsoft.XboxGamingOverlay	8wekyb3d8bbwe	,,NA,False,D:\Cases\Analysis\Registry\SYSTEM
1,22,00000000	00027d0232c90000	000a000047ba0000	8664	Microsoft.UI.Xaml.2.3	8wekyb3d8bbwe	,,NA,False,D:\Cases\Analysis\Registry\SYSTEM
1,23,00000009	000100076b150000	000a000027410000	8664	Microsoft.NET.Native.Framework.1.7	8wekyb3d8bbwe	,,NA,False,D:\Cases\Analysis\Registry\SYSTEM
1,24,00000009	00027d0232c90000	000a000047ba0000	8664	Microsoft.UI.Xaml.2.3	8wekyb3d8bbwe	,,NA,False,D:\Cases\Analysis\Registry\SYSTEM
1,25,00000009	0004076d280103e8	000a000042ee0000	8664	Microsoft.Messaging	8wekyb3d8bbwe	,,NA,False,D:\Cases\Analysis\Registry\SYSTEM
1,26,00000009	0003000303170000	000a000045630000	8664	Microsoft.Print3D	8wekyb3d8bbwe	,,NA,False,D:\Cases\Analysis\Registry\SYSTEM
1,27,00000000	0002a41723290000	000a000047ba0000	8664	Microsoft.UI.Xaml.2.4	8wekyb3d8bbwe	,,NA,False,D:\Cases\Analysis\Registry\SYSTEM
1,28,00000009	0002a41723290000	000a000047ba0000	8664	Microsoft.UI.Xaml.2.4	8wekyb3d8bbwe	,,NA,False,D:\Cases\Analysis\Registry\SYSTEM
1,29,00000000	000e000077f00000	000a0000273a0000	8664	Microsoft.VCLibs.140.00.UWPDesktop	8wekyb3d8bbwe	,,NA,False,D:\Cases\Analysis\Registry\SYSTEM
1,30,00000009	000e000077f00000	000a0000273a0000	8664	Microsoft.VCLibs.140.00.UWPDesktop	8wekyb3d8bbwe	,,NA,False,D:\Cases\Analysis\Registry\SYSTEM
1,31,00000009	0007083b1b640000	000a000047ba0000	8664	Microsoft.Microsoft3DViewer	8wekyb3d8bbwe	,,NA,False,D:\Cases\Analysis\Registry\SYSTEM
1,32,00000009	0002071246540000	000a0000452a0000	8664	Microsoft.UI.Xaml.2.0	8wekyb3d8bbwe	,,NA,False,D:\Cases\Analysis\Registry\SYSTEM
1,33,00000000	0002071246540000	000a0000452a0000	8664	Microsoft.UI.Xaml.2.0	8wekyb3d8bbwe	,,NA,False,D:\Cases\Analysis\Registry\SYSTEM
1,34,00000009	07e50069000a0000	000a00004a610000	8664	Microsoft.WindowsCamera	8wekyb3d8bbwe	,,NA,False,D:\Cases\Analysis\Registry\SYSTEM
1,35,C:\Program Files\WindowsApps\Microsoft.XboxGameOverlay_1.54.4001.0_x64__8wekyb3d8bbwe\Application,2022-07-24 15:32:35,NA,False,D:\Cases\Analysis\Registry\SYSTEM
1,36,00000009	000100360fa10000	000a000042ee0000	8664	Microsoft.XboxGameOverlay	8wekyb3d8bbwe	,,NA,False,D:\Cases\Analysis\Registry\SYSTEM
1,37,00000009	000a0004a3530000	000a000047ba0000	8664	Microsoft.Getstarted	8wekyb3d8bbwe	,,NA,False,D:\Cases\Analysis\Registry\SYSTEM
1,38,00000009	0001001827110000	000a00003fab0000	8664	Microsoft.Xbox.TCUI	8wekyb3d8bbwe	,,NA,False,D:\Cases\Analysis\Registry\SYSTEM
1,39,00000009	00010000a56f0000	000a000045630000	8664	Microsoft.WebpImageExtension	8wekyb3d8bbwe	,,NA,False,D:\Cases\Analysis\Registry\SYSTEM
1,40,C:\ProgramData\Microsoft\Windows Defender\platform\4.18.2205.7-0\NisSrv.exe,2022-07-24 15:26:45,NA,False,D:\Cases\Analysis\Registry\SYSTEM
1,41,C:\ProgramData\Microsoft\Windows Defender\platform\4.18.2205.7-0\MsMpEng.exe,2022-07-24 15:26:45,NA,False,D:\Cases\Analysis\Registry\SYSTEM
1,42,C:\Windows\system32\taskkill.exe,2018-09-15 07:29:23,NA,False,D:\Cases\Analysis\Registry\SYSTEM
1,43,C:\Windows\system32\wbem\mofcomp.exe,2018-09-15 07:28:25,NA,False,D:\Cases\Analysis\Registry\SYSTEM
1,44,C:\Windows\TEMP\DD7CCE58-5166-458F-86D4-5F9B38ECCCFA\MpSigStub.exe,2022-07-24 15:26:41,NA,False,D:\Cases\Analysis\Registry\SYSTEM
1,45,C:\Windows\system32\mavinject.exe,2018-09-15 09:09:53,NA,False,D:\Cases\Analysis\Registry\SYSTEM
1,46,C:\AtomicRedTeam\atomics\T1543.003\bin\AtomicService.exe,2022-04-27 11:14:48,NA,False,D:\Cases\Analysis\Registry\SYSTEM
1,47,C:\Windows\system32\schtasks.exe,2018-09-15 07:28:44,NA,False,D:\Cases\Analysis\Registry\SYSTEM
1,48,C:\Windows\system32\whoami.exe,2018-09-15 07:29:24,NA,False,D:\Cases\Analysis\Registry\SYSTEM
1,49,00000009	0007089f52090000	000a000047ba0000	8664	Microsoft.UI.Xaml.2.7	8wekyb3d8bbwe	,,NA,False,D:\Cases\Analysis\Registry\SYSTEM
1,50,00000000	0007089f52090000	000a000047ba0000	8664	Microsoft.UI.Xaml.2.7	8wekyb3d8bbwe	,,NA,False,D:\Cases\Analysis\Registry\SYSTEM
1,51,00000009	0002004acad10000	000a00004bc80000	8664	Microsoft.Todos	8wekyb3d8bbwe	,,NA,False,D:\Cases\Analysis\Registry\SYSTEM
1,52,00000000	000100045e890000	000a000027410000	8664	Microsoft.NET.Native.Runtime.1.4	8wekyb3d8bbwe	,,NA,False,D:\Cases\Analysis\Registry\SYSTEM
1,53,00000009	000100045e890000	000a000027410000	8664	Microsoft.NET.Native.Runtime.1.4	8wekyb3d8bbwe	,,NA,False,D:\Cases\Analysis\Registry\SYSTEM
1,54,00000009	001207d3c7a10000	000a000038390000	8664	Microsoft.Office.Sway	8wekyb3d8bbwe	,,NA,False,D:\Cases\Analysis\Registry\SYSTEM
1,55,00000000	000a00004a430000	000a000028000000	8664	Microsoft.Services.Store.Engagement	8wekyb3d8bbwe	,,NA,False,D:\Cases\Analysis\Registry\SYSTEM
1,56,00000009	000a00004a430000	000a000028000000	8664	Microsoft.Services.Store.Engagement	8wekyb3d8bbwe	,,NA,False,D:\Cases\Analysis\Registry\SYSTEM
1,57,00000000	000e000077f00000	000a0000273a0000	8664	Microsoft.VCLibs.140.00	8wekyb3d8bbwe	,,NA,False,D:\Cases\Analysis\Registry\SYSTEM
1,58,00000009	000e000077f00000	000a0000273a0000	8664	Microsoft.VCLibs.140.00	8wekyb3d8bbwe	,,NA,False,D:\Cases\Analysis\Registry\SYSTEM
1,59,00000009	0002000273480000	000a000027410000	8664	Microsoft.NET.Native.Framework.2.2	8wekyb3d8bbwe	,,NA,False,D:\Cases\Analysis\Registry\SYSTEM
1,60,00000000	0002000273480000	000a000027410000	8664	Microsoft.NET.Native.Framework.2.2	8wekyb3d8bbwe	,,NA,False,D:\Cases\Analysis\Registry\SYSTEM
1,61,00000009	000200026fbc0000	000a000027410000	8664	Microsoft.NET.Native.Runtime.2.2	8wekyb3d8bbwe	,,NA,False,D:\Cases\Analysis\Registry\SYSTEM
1,62,00000000	000200026fbc0000	000a000027410000	8664	Microsoft.NET.Native.Runtime.2.2	8wekyb3d8bbwe	,,NA,False,D:\Cases\Analysis\Registry\SYSTEM
1,63,00000009	0004003658d50000	000a000045630000	8664	Microsoft.BingNews	8wekyb3d8bbwe	,,NA,False,D:\Cases\Analysis\Registry\SYSTEM
1,64,00000009	000a000207190000	000a00004a610000	8664	Microsoft.RemoteDesktop	8wekyb3d8bbwe	,,NA,False,D:\Cases\Analysis\Registry\SYSTEM
1,65,C:\Windows\system32\WerFault.exe,2019-03-19 13:15:34,NA,False,D:\Cases\Analysis\Registry\SYSTEM
1,66,C:\Windows\system32\wbem\unsecapp.exe,2018-09-15 07:28:25,NA,False,D:\Cases\Analysis\Registry\SYSTEM
1,67,C:\Windows\system32\wevtutil.exe,2018-09-15 07:28:38,NA,False,D:\Cases\Analysis\Registry\SYSTEM
1,68,C:\Windows\Sysmon.exe,2022-07-24 15:19:04,NA,False,D:\Cases\Analysis\Registry\SYSTEM
1,69,C:\Users\IEUser\AppData\Local\Temp\Sysmon.exe,2022-07-24 15:19:04,NA,False,D:\Cases\Analysis\Registry\SYSTEM
1,70,C:\ProgramData\Sysmon\Sysmon.exe,2022-05-11 09:49:36,NA,False,D:\Cases\Analysis\Registry\SYSTEM
1,71,00000009	00022e8217710000	000a0000452a0000	8664	Microsoft.UI.Xaml.2.1	8wekyb3d8bbwe	,,NA,False,D:\Cases\Analysis\Registry\SYSTEM
1,72,00000000	00022e8217710000	000a0000452a0000	8664	Microsoft.UI.Xaml.2.1	8wekyb3d8bbwe	,,NA,False,D:\Cases\Analysis\Registry\SYSTEM
1,73,C:\Windows\System32\SystemSettingsBroker.exe,2018-09-15 07:28:25,NA,False,D:\Cases\Analysis\Registry\SYSTEM
1,74,C:\Windows\SystemApps\InputApp_cw5n1h2txyewy\Application,2019-03-19 13:19:08,NA,False,D:\Cases\Analysis\Registry\SYSTEM
1,75,C:\Windows\TEMP\99BF1B35-A46B-4934-A5CE-49F65A134A91\dismhost.exe,2018-09-15 06:09:27,NA,False,D:\Cases\Analysis\Registry\SYSTEM
1,76,C:\Windows\SystemApps\Microsoft.Windows.SecHealthUI_cw5n1h2txyewy\Application,2019-03-19 20:55:46,NA,False,D:\Cases\Analysis\Registry\SYSTEM
1,77,C:\Users\IEUser\AppData\Local\Microsoft\OneDrive\22.131.0619.0001\FileCoAuth.exe,2022-07-24 15:11:42,NA,False,D:\Cases\Analysis\Registry\SYSTEM
1,78,C:\Users\IEUser\AppData\Local\Microsoft\OneDrive\OneDriveStandaloneUpdater.exe,2022-07-24 15:11:56,NA,False,D:\Cases\Analysis\Registry\SYSTEM
1,79,C:\Windows\System32\UNP\UpdateNotificationMgr.exe,2018-09-15 07:29:24,NA,False,D:\Cases\Analysis\Registry\SYSTEM
1,80,C:\Windows\System32\wsqmcons.exe,2018-09-15 07:28:45,NA,False,D:\Cases\Analysis\Registry\SYSTEM
1,81,C:\Windows\system32\sc.exe,2018-09-15 07:29:14,NA,False,D:\Cases\Analysis\Registry\SYSTEM
1,82,C:\Windows\SystemApps\Microsoft.AAD.BrokerPlugin_cw5n1h2txyewy\Application,2019-03-19 20:55:40,NA,False,D:\Cases\Analysis\Registry\SYSTEM
1,83,C:\Users\IEUser\AppData\Local\Microsoft\OneDrive\22.131.0619.0001\Microsoft.SharePoint.exe,2022-07-24 15:11:44,NA,False,D:\Cases\Analysis\Registry\SYSTEM
1,84,C:\Users\IEUser\AppData\Local\Microsoft\OneDrive\22.131.0619.0001\FileSyncConfig.exe,2022-07-24 15:11:42,NA,False,D:\Cases\Analysis\Registry\SYSTEM
1,85,C:\Users\IEUser\AppData\Local\Microsoft\OneDrive\21.220.1024.0005\FileCoAuth.exe,2022-07-25 05:07:48,NA,False,D:\Cases\Analysis\Registry\SYSTEM
1,86,C:\Windows\system32\vm3dservice.exe,2021-08-31 10:04:22,NA,False,D:\Cases\Analysis\Registry\SYSTEM
1,87,C:\ProgramData\Microsoft\Windows Defender\Scans\MpPayloadData\mpengine.exe,2022-07-25 05:08:59,NA,False,D:\Cases\Analysis\Registry\SYSTEM
1,88,C:\Windows\system32\intl.cpl,2018-09-15 07:28:52,NA,False,D:\Cases\Analysis\Registry\SYSTEM
1,89,C:\Windows\system32\consent.exe,2018-09-15 07:28:52,NA,False,D:\Cases\Analysis\Registry\SYSTEM
1,90,C:\Windows\System32\timedate.cpl,2018-09-15 07:28:24,NA,False,D:\Cases\Analysis\Registry\SYSTEM
1,91,C:\Users\IEUser\AppData\Local\Microsoft\OneDrive\21.220.1024.0005\FileSyncConfig.exe,2022-07-25 05:07:58,NA,False,D:\Cases\Analysis\Registry\SYSTEM
1,92,C:\Windows\system32\wscui.cpl,2019-03-19 13:16:07,NA,False,D:\Cases\Analysis\Registry\SYSTEM
1,93,C:\Windows\system32\FlashPlayerCPLApp.cpl,2019-03-03 00:45:36,NA,False,D:\Cases\Analysis\Registry\SYSTEM
1,94,C:\Windows\SysWOW64\DllHost.exe,2018-09-15 07:29:07,NA,False,D:\Cases\Analysis\Registry\SYSTEM
1,95,C:\Windows\system32\SgrmBroker.exe,2018-09-15 07:29:13,NA,False,D:\Cases\Analysis\Registry\SYSTEM
1,96,C:\Program Files\VMware\VMware Tools\TPAutoConnect.exe,2018-03-22 09:04:42,NA,False,D:\Cases\Analysis\Registry\SYSTEM
1,97,C:\Windows\System32\sihclient.exe,2018-09-15 07:29:24,NA,False,D:\Cases\Analysis\Registry\SYSTEM
1,98,C:\Windows\system32\GenValObj.exe,2018-09-15 07:28:58,NA,False,D:\Cases\Analysis\Registry\SYSTEM
1,99,C:\Windows\Temp\{87DD2843-8A8F-46FA-B22B-7A353B1A53FA}\.be\VC_redist.x64.exe,2022-07-25 05:06:04,NA,False,D:\Cases\Analysis\Registry\SYSTEM
1,100,C:\Windows\Temp\{020183CA-B648-458F-AC09-00DFF25E1CF6}\.cr\vcredist_x64.exe,2022-07-25 05:06:02,NA,False,D:\Cases\Analysis\Registry\SYSTEM
1,101,C:\Windows\Temp\{1FF5D624-5515-4343-837A-E54C101573E6}~setup\vcredist_x64.exe,2022-07-25 05:05:54,NA,False,D:\Cases\Analysis\Registry\SYSTEM
1,102,C:\Windows\TEMP\32C85A5A-D897-4E5F-8338-0E3990F49FFF\dismhost.exe,2018-09-15 06:09:27,NA,False,D:\Cases\Analysis\Registry\SYSTEM
1,103,C:\Windows\Temp\{CD84B2EA-2DFD-4A85-96AE-30699E72D706}\.be\VC_redist.x86.exe,2022-07-25 05:05:55,NA,False,D:\Cases\Analysis\Registry\SYSTEM
1,104,C:\Windows\Temp\{4FED5AC0-0BB4-44E4-A395-81C7B2C05BC2}\.cr\vcredist_x86.exe,2022-07-25 05:05:55,NA,False,D:\Cases\Analysis\Registry\SYSTEM
1,105,C:\Windows\Temp\{1FF5D624-5515-4343-837A-E54C101573E6}~setup\vcredist_x86.exe,2022-07-25 05:05:54,NA,False,D:\Cases\Analysis\Registry\SYSTEM
1,106,C:\Windows\TEMP\vmware-SYSTEM\0000474d\setup64.exe,2022-07-25 05:05:53,NA,False,D:\Cases\Analysis\Registry\SYSTEM
1,107,C:\Windows\TEMP\vmware-SYSTEM\0000474d\setup.exe,2022-07-25 05:05:51,NA,False,D:\Cases\Analysis\Registry\SYSTEM
1,108,C:\Windows\Microsoft.NET\Framework64\v4.0.30319\NGenTask.exe,2018-09-15 07:29:50,NA,False,D:\Cases\Analysis\Registry\SYSTEM
1,109,C:\Windows\Microsoft.NET\Framework\v4.0.30319\NGenTask.exe,2018-09-15 07:29:57,NA,False,D:\Cases\Analysis\Registry\SYSTEM
1,110,C:\ProgramData\Microsoft\Windows Defender\platform\4.18.1902.2-0\MpCmdRun.exe,2019-03-19 13:08:13,NA,False,D:\Cases\Analysis\Registry\SYSTEM
1,111,C:\Windows\system32\Sysprep\sysprep.exe,2018-09-15 07:28:44,NA,False,D:\Cases\Analysis\Registry\SYSTEM
1,112,C:\Program Files\VMware\VMware Tools\VMwareResolutionSet.exe,2018-03-22 10:00:26,NA,False,D:\Cases\Analysis\Registry\SYSTEM
1,113,C:\Windows\TEMP\vmware-SYSTEM\VMwareToolsUpgrader.exe,2021-08-30 20:14:25,NA,False,D:\Cases\Analysis\Registry\SYSTEM
1,114,C:\Windows\system32\sppsvc.exe,2019-03-19 13:15:46,NA,False,D:\Cases\Analysis\Registry\SYSTEM
1,115,C:\Windows\system32\wlrmdr.exe,2018-09-15 07:28:45,NA,False,D:\Cases\Analysis\Registry\SYSTEM
1,116,C:\Windows\Temp\sdelete.exe,2018-11-15 15:33:40,NA,False,D:\Cases\Analysis\Registry\SYSTEM
1,117,C:\Windows\Temp\ultradefrag-portable-6.1.0.i386\udefrag.exe,2015-04-19 12:57:54,NA,False,D:\Cases\Analysis\Registry\SYSTEM
1,118,C:\Windows\System32\msdtc.exe,2018-09-15 07:29:16,NA,False,D:\Cases\Analysis\Registry\SYSTEM
1,119,C:\Program Files\Common Files\VMware\Drivers\vss\comreg.exe,2021-08-31 10:04:08,NA,False,D:\Cases\Analysis\Registry\SYSTEM
1,120,C:\Program Files\VMware\VMware Tools\vmtoolsd.exe,2021-08-31 10:00:32,NA,False,D:\Cases\Analysis\Registry\SYSTEM
1,121,C:\Program Files\VMware\VMware Tools\guestproxycerttool.exe,2018-03-22 10:00:36,NA,False,D:\Cases\Analysis\Registry\SYSTEM
1,122,C:\Windows\syswow64\WOWReg32.exe,2018-09-15 07:29:12,NA,False,D:\Cases\Analysis\Registry\SYSTEM
1,123,C:\Program Files\VMware\VMware Tools\VMware VGAuth\VGAuthService.exe,2021-08-31 09:43:46,NA,False,D:\Cases\Analysis\Registry\SYSTEM
1,124,C:\Program Files\VMware\VMware Tools\vmacthlp.exe,2018-03-22 09:56:30,NA,False,D:\Cases\Analysis\Registry\SYSTEM
1,125,C:\Program Files\VMware\VMware Tools\TPVCGateway.exe,2018-03-22 09:04:38,NA,False,D:\Cases\Analysis\Registry\SYSTEM
1,126,C:\Program Files\VMware\VMware Tools\TPAutoConnSvc.exe,2018-03-22 09:04:42,NA,False,D:\Cases\Analysis\Registry\SYSTEM
1,127,C:\Windows\System32\printui.exe,2018-09-15 07:28:57,NA,False,D:\Cases\Analysis\Registry\SYSTEM
1,128,c:\0d44ffe1b31dc1b68652a027f5c7\install.exe,2011-04-19 11:09:16,NA,False,D:\Cases\Analysis\Registry\SYSTEM
1,129,C:\Users\IEUser\AppData\Local\Temp\{43D9111A-EA02-4682-BF3C-EFDCB62A89B0}~setup\vcredist_x64.exe,2019-03-19 13:24:30,NA,False,D:\Cases\Analysis\Registry\SYSTEM
1,130,c:\b1b4a6487d9ed7b94c6e\install.exe,2011-04-19 07:30:10,NA,False,D:\Cases\Analysis\Registry\SYSTEM
1,131,C:\Program Files (x86)\7-Zip\7zFM.exe,2010-11-19 04:09:02,NA,False,D:\Cases\Analysis\Registry\SYSTEM
1,132,C:\Users\IEUser\AppData\Local\Temp\{43D9111A-EA02-4682-BF3C-EFDCB62A89B0}~setup\vcredist_x86.exe,2019-03-19 13:24:30,NA,False,D:\Cases\Analysis\Registry\SYSTEM
1,133,C:\Windows\Temp\VMWare\setup64.exe,2018-03-22 10:11:19,NA,False,D:\Cases\Analysis\Registry\SYSTEM
1,134,C:\Windows\Temp\VMWare\setup.exe,2018-03-22 10:11:19,NA,False,D:\Cases\Analysis\Registry\SYSTEM
1,135,C:\Program Files (x86)\7-Zip\7z.exe,2010-11-19 04:08:04,NA,False,D:\Cases\Analysis\Registry\SYSTEM
1,136,C:\Windows\System32\OpenSSH\scp.exe,2018-09-15 09:08:37,NA,False,D:\Cases\Analysis\Registry\SYSTEM
1,137,C:\Windows\System32\OpenSSH\ssh-keygen.exe,2018-09-15 09:08:37,NA,False,D:\Cases\Analysis\Registry\SYSTEM
1,138,C:\Windows\System32\OpenSSH\sshd.exe,2019-03-19 13:23:48,NA,False,D:\Cases\Analysis\Registry\SYSTEM
1,139,C:\Windows\system32\hostname.EXE,2018-09-15 07:29:14,NA,False,D:\Cases\Analysis\Registry\SYSTEM
1,140,C:\Users\IEUser\AppData\Local\Temp\852DE2B4-535E-4A18-A709-0EEB2A6FE810\dismhost.exe,2018-09-15 06:09:27,NA,False,D:\Cases\Analysis\Registry\SYSTEM
1,141,C:\Windows\System32\shutdown.exe,2018-09-15 07:28:50,NA,False,D:\Cases\Analysis\Registry\SYSTEM
1,142,C:\Program Files\Puppet Labs\Puppet\bin\run_puppet_interactive.bat,2016-04-25 20:19:04,NA,False,D:\Cases\Analysis\Registry\SYSTEM
1,143,C:\Program Files\Puppet Labs\Puppet\bin\run_facter_interactive.bat,2016-04-25 20:19:04,NA,False,D:\Cases\Analysis\Registry\SYSTEM
1,144,C:\Program Files\Puppet Labs\Puppet\sys\ruby\bin\ruby.exe,2016-04-25 20:43:58,NA,False,D:\Cases\Analysis\Registry\SYSTEM
1,145,C:\ProgramData\chocolatey\bin\choco.exe,2019-03-15 19:57:04,NA,False,D:\Cases\Analysis\Registry\SYSTEM
1,146,C:\ProgramData\chocolatey\choco.exe,2019-03-15 19:57:04,NA,False,D:\Cases\Analysis\Registry\SYSTEM
1,147,C:\Windows\System32\setx.exe,2018-09-15 07:29:14,NA,False,D:\Cases\Analysis\Registry\SYSTEM
1,148,C:\Windows\Microsoft.NET\Framework64\v4.0.30319\cvtres.exe,2018-09-15 07:29:51,NA,False,D:\Cases\Analysis\Registry\SYSTEM
1,149,C:\Windows\Microsoft.NET\Framework64\v4.0.30319\csc.exe,2018-09-15 07:29:49,NA,False,D:\Cases\Analysis\Registry\SYSTEM
1,150,C:\Users\IEUser\AppData\Local\Temp\chocolatey\chocInstall\7za.exe,2019-03-19 13:21:29,NA,False,D:\Cases\Analysis\Registry\SYSTEM
1,151,C:\Windows\system32\dashost.exe,2018-09-15 07:28:36,NA,False,D:\Cases\Analysis\Registry\SYSTEM
1,152,0000000b	03e84563015c0000	000c000000000000	8664	Microsoft.MicrosoftEdgeDevToolsClient	8wekyb3d8bbwe	neutral,,NA,False,D:\Cases\Analysis\Registry\SYSTEM
1,153,C:\Windows\system32\MusNotificationUx.exe,2019-03-19 13:15:34,NA,False,D:\Cases\Analysis\Registry\SYSTEM
1,154,C:\Windows\system32\MusNotification.exe,2019-03-19 13:15:34,NA,False,D:\Cases\Analysis\Registry\SYSTEM
1,155,C:\Windows\system32\MusNotifyIcon.exe,2019-03-19 13:15:34,NA,False,D:\Cases\Analysis\Registry\SYSTEM
1,156,C:\Windows\system32\usoclient.exe,2018-09-15 07:28:39,NA,False,D:\Cases\Analysis\Registry\SYSTEM
1,157,C:\Windows\System32\FodHelper.exe,2018-09-15 07:29:21,NA,False,D:\Cases\Analysis\Registry\SYSTEM
1,158,C:\Windows\System32\Speech_OneCore\Common\SpeechRuntime.exe,2018-09-15 07:28:39,NA,False,D:\Cases\Analysis\Registry\SYSTEM
1,159,C:\Windows\ImmersiveControlPanel\SystemSettings.exe,2018-09-15 07:29:46,NA,False,D:\Cases\Analysis\Registry\SYSTEM
1,160,C:\ProgramData\Microsoft\Windows Defender\platform\4.18.1902.2-0\NisSrv.exe,2019-03-19 13:08:13,NA,False,D:\Cases\Analysis\Registry\SYSTEM
1,161,C:\ProgramData\Microsoft\Windows Defender\platform\4.18.1902.2-0\MsMpEng.exe,2019-03-19 13:08:13,NA,False,D:\Cases\Analysis\Registry\SYSTEM
1,162,C:\Users\IEUser\AppData\Local\Temp\6792C904-1DF6-4AA9-AE27-AA4769FC0F51\MpSigStub.exe,2019-03-19 13:08:11,NA,False,D:\Cases\Analysis\Registry\SYSTEM
1,163,C:\Windows\SoftwareDistribution\Download\Install\UpdatePlatform.exe,2022-07-24 15:26:39,NA,False,D:\Cases\Analysis\Registry\SYSTEM
1,164,C:\Windows\winsxs\amd64_microsoft-windows-servicingstack_31bf3856ad364e35_10.0.17763.164_none_7e114a3d4d0589d4\TiWorker.exe,2018-09-15 06:09:30,NA,False,D:\Cases\Analysis\Registry\SYSTEM
1,165,C:\Users\IEUser\AppData\Local\Microsoft\OneDrive\18.143.0717.0002\FileCoAuth.exe,2019-03-19 13:01:45,NA,False,D:\Cases\Analysis\Registry\SYSTEM
1,166,C:\Windows\Microsoft.NET\Framework64\v4.0.30319\mscorsvw.exe,2018-09-15 07:29:49,NA,False,D:\Cases\Analysis\Registry\SYSTEM
1,167,C:\Windows\Microsoft.NET\Framework\v4.0.30319\mscorsvw.exe,2018-09-15 07:29:57,NA,False,D:\Cases\Analysis\Registry\SYSTEM
1,168,C:\Windows\Microsoft.NET\Framework64\v4.0.30319\Ngen.exe,2018-09-15 07:29:51,NA,False,D:\Cases\Analysis\Registry\SYSTEM
1,169,C:\Windows\Microsoft.NET\Framework\v4.0.30319\Ngen.exe,2018-09-15 07:29:58,NA,False,D:\Cases\Analysis\Registry\SYSTEM
1,170,C:\Windows\SoftwareDistribution\Download\Install\AM_Delta.exe,2022-07-25 05:08:00,NA,False,D:\Cases\Analysis\Registry\SYSTEM
1,171,C:\Windows\SoftwareDistribution\Download\Install\AM_Base.exe,2022-07-25 05:08:43,NA,False,D:\Cases\Analysis\Registry\SYSTEM
1,172,C:\Windows\system32\MpSigStub.exe,2022-07-25 05:07:56,NA,False,D:\Cases\Analysis\Registry\SYSTEM
1,173,C:\Windows\SoftwareDistribution\Download\Install\AM_Engine.exe,2022-07-25 05:07:59,NA,False,D:\Cases\Analysis\Registry\SYSTEM
1,174,C:\Windows\SoftwareDistribution\Download\Install\MpSigStub.exe,2022-07-25 05:07:56,NA,False,D:\Cases\Analysis\Registry\SYSTEM
1,175,C:\Windows\system32\AppHostRegistrationVerifier.exe,2018-09-15 07:28:30,NA,False,D:\Cases\Analysis\Registry\SYSTEM
1,176,C:\Windows\system32\wbem\WmiApSrv.exe,2018-09-15 07:28:25,NA,False,D:\Cases\Analysis\Registry\SYSTEM
1,177,C:\Windows\System32\LocationNotificationWindows.exe,2018-09-15 07:29:19,NA,False,D:\Cases\Analysis\Registry\SYSTEM
1,178,C:\Program Files\WindowsApps\Microsoft.BingWeather_4.25.12127.0_x64__8wekyb3d8bbwe\Application,2019-03-19 20:55:53,NA,False,D:\Cases\Analysis\Registry\SYSTEM
1,179,C:\Program Files\Microsoft Silverlight\5.1.50918.0\Silverlight.Configuration.exe,2018-10-24 03:26:28,NA,False,D:\Cases\Analysis\Registry\SYSTEM
1,180,C:\Program Files\WindowsApps\Microsoft.Messaging_3.43.27001.0_x64__8wekyb3d8bbwe\Application,2019-03-19 20:55:57,NA,False,D:\Cases\Analysis\Registry\SYSTEM
1,181,\\?\C:\Windows\system32\wbem\WMIADAP.EXE,2018-09-15 07:28:25,NA,False,D:\Cases\Analysis\Registry\SYSTEM
1,182,C:\Users\IEUser\AppData\Local\Microsoft\OneDrive\Update\OneDriveSetup.exe,2022-07-24 15:11:35,NA,False,D:\Cases\Analysis\Registry\SYSTEM
1,183,C:\Program Files\WindowsApps\Microsoft.OneConnect_5.1807.1991.0_x64__8wekyb3d8bbwe\Application,2019-03-19 20:56:10,NA,False,D:\Cases\Analysis\Registry\SYSTEM
1,184,C:\Program Files\WindowsApps\Microsoft.Wallet_2.2.18179.0_x64__8wekyb3d8bbwe\Application,2019-03-19 20:56:18,NA,False,D:\Cases\Analysis\Registry\SYSTEM
1,185,C:\Users\IEUser\AppData\Local\Microsoft\OneDrive\OneDrive.exe,2022-07-24 15:11:53,NA,False,D:\Cases\Analysis\Registry\SYSTEM
1,186,C:\Users\IEUser\AppData\Local\Microsoft\OneDrive\18.143.0717.0002\FileSyncConfig.exe,2019-03-19 13:01:45,NA,False,D:\Cases\Analysis\Registry\SYSTEM
1,187,C:\Program Files\WindowsApps\Microsoft.XboxApp_41.41.18001.0_x64__8wekyb3d8bbwe\Application,2019-03-19 20:56:42,NA,False,D:\Cases\Analysis\Registry\SYSTEM
1,188,C:\Program Files\WindowsApps\Microsoft.XboxGameOverlay_1.32.17005.0_x64__8wekyb3d8bbwe\Application,2019-03-19 20:56:43,NA,False,D:\Cases\Analysis\Registry\SYSTEM
1,189,C:\Windows\system32\MRT.exe,2019-03-19 13:04:43,NA,False,D:\Cases\Analysis\Registry\SYSTEM
1,190,C:\Windows\SoftwareDistribution\Download\Install\Windows-KB890830-x64-V5.70.exe,2019-03-19 13:02:46,NA,False,D:\Cases\Analysis\Registry\SYSTEM
1,191,C:\Program Files\WindowsApps\Microsoft.SkypeApp_14.26.95.0_x64__kzf8qxf38zg5c\Application,2019-03-19 20:56:16,NA,False,D:\Cases\Analysis\Registry\SYSTEM
1,192,C:\Program Files\WindowsApps\Microsoft.WindowsAlarms_10.1805.1361.0_x64__8wekyb3d8bbwe\Application,2019-03-19 20:56:23,NA,False,D:\Cases\Analysis\Registry\SYSTEM
1,193,C:\Windows\SysWOW64\rundll32.exe,2018-09-15 07:29:12,NA,False,D:\Cases\Analysis\Registry\SYSTEM
1,194,c:\Windows\syswow64\MsiExec.exe,2018-09-15 07:29:28,NA,False,D:\Cases\Analysis\Registry\SYSTEM
1,195,C:\Program Files\Microsoft Silverlight\5.1.50918.0\coregen.exe,2018-10-24 03:26:28,NA,False,D:\Cases\Analysis\Registry\SYSTEM
1,196,C:\Windows\Installer\MSI1134.tmp,2019-03-19 13:03:22,NA,False,D:\Cases\Analysis\Registry\SYSTEM
1,197,0000000b	000a000045630001	000a000000000000	8664	Microsoft.CredDialogHost	cw5n1h2txyewy	,,NA,False,D:\Cases\Analysis\Registry\SYSTEM
1,198,0000000b	000a000045630001	000a000038390000	8664	Microsoft.ECApp	8wekyb3d8bbwe	,,NA,False,D:\Cases\Analysis\Registry\SYSTEM
1,199,C:\Program Files (x86)\Microsoft Silverlight\5.1.50918.0\coregen.exe,2018-10-24 03:06:38,NA,False,D:\Cases\Analysis\Registry\SYSTEM
1,200,C:\Windows\Installer\MSIDD42.tmp,2019-03-19 13:03:09,NA,False,D:\Cases\Analysis\Registry\SYSTEM
1,201,0000000b	03e8456300010000	000a000000000000	8664	Microsoft.Windows.AssignedAccessLockApp	cw5n1h2txyewy	neutral,,NA,False,D:\Cases\Analysis\Registry\SYSTEM
1,202,C:\Windows\Installer\MSID12B.tmp,2019-03-19 13:03:06,NA,False,D:\Cases\Analysis\Registry\SYSTEM
1,203,C:\Windows\Installer\MSID0FB.tmp,2019-03-19 13:03:06,NA,False,D:\Cases\Analysis\Registry\SYSTEM
1,204,C:\Windows\system32\msiexec.exe,2018-09-15 07:29:20,NA,False,D:\Cases\Analysis\Registry\SYSTEM
1,205,c:\5752171d4ebdbaa67c84aad7b2dd2b84\install.exe,2018-10-24 04:41:30,NA,False,D:\Cases\Analysis\Registry\SYSTEM
1,206,0000000b	03e8456300010000	03e8456300010000	8664	InputApp	cw5n1h2txyewy	neutral,,NA,False,D:\Cases\Analysis\Registry\SYSTEM
1,207,C:\Windows\SoftwareDistribution\Download\Install\Silverlight_x64.exe,2019-03-19 13:02:31,NA,False,D:\Cases\Analysis\Registry\SYSTEM
1,208,C:\Windows\system32\vssvc.exe,2018-09-15 07:28:39,NA,False,D:\Cases\Analysis\Registry\SYSTEM
1,209,C:\Windows\system32\wuauclt.exe,2018-09-15 07:28:34,NA,False,D:\Cases\Analysis\Registry\SYSTEM
1,210,0000000b	000a000045630001	000a000045630001	8664	F46D4000-FD22-4DB4-AC8E-4E1DDDE828FE	cw5n1h2txyewy	neutral,,NA,False,D:\Cases\Analysis\Registry\SYSTEM
1,211,0000000b	000a000045630001	000a000045630001	8664	E2A4F912-2574-4A75-9BB0-0D023378592B	cw5n1h2txyewy	neutral,,NA,False,D:\Cases\Analysis\Registry\SYSTEM
1,212,0000000b	000a000045630001	000a000042ee0000	8664	c5e2524a-ea46-4f67-841f-6a9465d9d515	cw5n1h2txyewy	neutral,,NA,False,D:\Cases\Analysis\Registry\SYSTEM
1,213,0000000b	000a000045630001	000a000038390000	8664	Microsoft.AsyncTextService	8wekyb3d8bbwe	,,NA,False,D:\Cases\Analysis\Registry\SYSTEM
1,214,0000000b	000a000045630001	000a000000000000	8664	Microsoft.LockApp	cw5n1h2txyewy	,,NA,False,D:\Cases\Analysis\Registry\SYSTEM
1,215,0000000b	03e8456300010000	000c000000000000	8664	Microsoft.MicrosoftEdgeDevToolsClient	8wekyb3d8bbwe	neutral,,NA,False,D:\Cases\Analysis\Registry\SYSTEM
1,216,0000000b	000a000045630001	000b000000000000	8664	Microsoft.Win32WebViewHost	cw5n1h2txyewy	neutral,,NA,False,D:\Cases\Analysis\Registry\SYSTEM
1,217,0000000b	000a000045630001	000a000045630001	8664	1527c705-839a-4832-9118-54d4Bd6a0c89	cw5n1h2txyewy	neutral,,NA,False,D:\Cases\Analysis\Registry\SYSTEM
1,218,0000000b	000a000045630001	000a0000452b0000	8664	Microsoft.Windows.NarratorQuickStart	8wekyb3d8bbwe	neutral,,NA,False,D:\Cases\Analysis\Registry\SYSTEM
1,219,0000000b	000a000045630001	000a000045630001	8664	Microsoft.Windows.CapturePicker	cw5n1h2txyewy	,,NA,False,D:\Cases\Analysis\Registry\SYSTEM
1,220,0000000b	03e8456300010000	000a000000000000	8664	Microsoft.Windows.Apprep.ChxApp	cw5n1h2txyewy	neutral,,NA,False,D:\Cases\Analysis\Registry\SYSTEM
1,221,0000000b	000a000045630001	000a000000000000	8664	Microsoft.Windows.OOBENetworkCaptivePortal	cw5n1h2txyewy	,,NA,False,D:\Cases\Analysis\Registry\SYSTEM
1,222,0000000b	000a000045630001	000a000000000000	8664	Microsoft.Windows.OOBENetworkConnectionFlow	cw5n1h2txyewy	,,NA,False,D:\Cases\Analysis\Registry\SYSTEM
1,223,0000000b	03e8456300010000	000a000000000000	8664	Microsoft.Windows.ParentalControls	cw5n1h2txyewy	neutral,,NA,False,D:\Cases\Analysis\Registry\SYSTEM
1,224,0000000b	03e8456300010000	000a000000000000	8664	Microsoft.Windows.PinningConfirmationDialog	cw5n1h2txyewy	,,NA,False,D:\Cases\Analysis\Registry\SYSTEM
1,225,0000000b	000a000045630001	000a000045630001	8664	Microsoft.Windows.XGpuEjectDialog	cw5n1h2txyewy	neutral,,NA,False,D:\Cases\Analysis\Registry\SYSTEM
1,226,0000000b	000a000045630001	000a000042990000	8664	Windows.CBSPreview	cw5n1h2txyewy	neutral,,NA,False,D:\Cases\Analysis\Registry\SYSTEM
1,227,0000000b	0006000200010000	03e8456300010000	8664	Windows.PrintDialog	cw5n1h2txyewy	neutral,,NA,False,D:\Cases\Analysis\Registry\SYSTEM
1,228,C:\Windows\SysWOW64\OneDriveSetup.exe,2018-09-15 09:09:52,NA,False,D:\Cases\Analysis\Registry\SYSTEM
1,229,C:\Windows\system32\SecurityHealthService.exe,2019-03-19 13:15:38,NA,False,D:\Cases\Analysis\Registry\SYSTEM
1,230,C:\Windows\System32\SecurityHealthSystray.exe,2018-09-15 07:28:39,NA,False,D:\Cases\Analysis\Registry\SYSTEM
1,231,C:\Windows\system32\verclsid.exe,2018-09-15 07:28:58,NA,False,D:\Cases\Analysis\Registry\SYSTEM
1,232,C:\Windows\regedit.exe,2018-09-15 07:29:21,NA,False,D:\Cases\Analysis\Registry\SYSTEM
1,233,C:\Windows\syswow64\odbcad32.exe,2018-09-15 07:29:30,NA,False,D:\Cases\Analysis\Registry\SYSTEM
1,234,C:\Program Files\Windows NT\Accessories\wordpad.exe,2018-09-15 07:29:24,NA,False,D:\Cases\Analysis\Registry\SYSTEM
1,235,C:\Windows\system32\WindowsPowerShell\v1.0\PowerShell_ISE.exe,2018-09-15 07:29:46,NA,False,D:\Cases\Analysis\Registry\SYSTEM
1,236,C:\Windows\system32\SnippingTool.exe,2018-09-15 07:29:22,NA,False,D:\Cases\Analysis\Registry\SYSTEM
1,237,C:\Windows\system32\quickassist.exe,2018-09-15 09:08:23,NA,False,D:\Cases\Analysis\Registry\SYSTEM
1,238,C:\Windows\system32\psr.exe,2018-09-15 07:28:42,NA,False,D:\Cases\Analysis\Registry\SYSTEM
1,239,C:\Windows\system32\osk.exe,2018-09-15 07:28:43,NA,False,D:\Cases\Analysis\Registry\SYSTEM
1,240,C:\Windows\system32\odbcad32.exe,2018-09-15 07:29:19,NA,False,D:\Cases\Analysis\Registry\SYSTEM
1,241,C:\Windows\system32\notepad.exe,2018-09-15 07:28:56,NA,False,D:\Cases\Analysis\Registry\SYSTEM
1,242,C:\Windows\system32\narrator.exe,2018-09-15 07:28:44,NA,False,D:\Cases\Analysis\Registry\SYSTEM
1,243,C:\Windows\system32\msinfo32.exe,2018-09-15 07:29:24,NA,False,D:\Cases\Analysis\Registry\SYSTEM
1,244,C:\Windows\system32\MdSched.exe,2018-09-15 07:29:24,NA,False,D:\Cases\Analysis\Registry\SYSTEM
1,245,C:\Windows\system32\magnify.exe,2018-09-15 07:28:44,NA,False,D:\Cases\Analysis\Registry\SYSTEM
1,246,C:\Windows\system32\iscsicpl.exe,2018-09-15 07:29:18,NA,False,D:\Cases\Analysis\Registry\SYSTEM
1,247,C:\Windows\system32\dfrgui.exe,2018-09-15 07:29:16,NA,False,D:\Cases\Analysis\Registry\SYSTEM
1,248,C:\Windows\system32\cleanmgr.exe,2018-09-15 07:29:14,NA,False,D:\Cases\Analysis\Registry\SYSTEM
1,249,C:\Windows\system32\charmap.exe,2018-09-15 07:29:22,NA,False,D:\Cases\Analysis\Registry\SYSTEM
1,250,C:\Windows\system32\mstsc.exe,2018-09-15 07:29:23,NA,False,D:\Cases\Analysis\Registry\SYSTEM
1,251,C:\Program Files (x86)\Windows Media Player\wmplayer.exe,2018-09-15 09:08:33,NA,False,D:\Cases\Analysis\Registry\SYSTEM
1,252,C:\Windows\system32\RecoveryDrive.exe,2018-09-15 07:29:22,NA,False,D:\Cases\Analysis\Registry\SYSTEM
1,253,C:\Windows\system32\control.exe,2018-09-15 07:28:24,NA,False,D:\Cases\Analysis\Registry\SYSTEM
1,254,C:\Program Files\internet explorer\iexplore.exe,2018-09-15 09:08:27,NA,False,D:\Cases\Analysis\Registry\SYSTEM
1,255,C:\Windows\Speech\Common\sapisvr.exe,2018-09-15 07:28:57,NA,False,D:\Cases\Analysis\Registry\SYSTEM
1,256,C:\Program Files\Common Files\Microsoft Shared\Ink\mip.exe,2018-09-15 09:08:19,NA,False,D:\Cases\Analysis\Registry\SYSTEM
1,257,C:\Windows\system32\taskmgr.exe,2018-10-29 22:39:27,NA,False,D:\Cases\Analysis\Registry\SYSTEM
1,258,C:\Windows\System32\mobsync.exe,2018-09-15 07:29:22,NA,False,D:\Cases\Analysis\Registry\SYSTEM
1,259,C:\Windows\system32\WFS.exe,2018-09-15 07:29:47,NA,False,D:\Cases\Analysis\Registry\SYSTEM
1,260,C:\Windows\system32\msconfig.exe,2018-09-15 07:29:20,NA,False,D:\Cases\Analysis\Registry\SYSTEM
1,261,C:\Windows\system32\mspaint.exe,2018-09-15 07:28:53,NA,False,D:\Cases\Analysis\Registry\SYSTEM
1,262,C:\Windows\System32\fsquirt.exe,2018-09-15 07:28:42,NA,False,D:\Cases\Analysis\Registry\SYSTEM
1,263,C:\Windows\system32\RDSPnf.exe,2018-09-15 07:29:23,NA,False,D:\Cases\Analysis\Registry\SYSTEM
1,264,C:\Windows\system32\Windows.WARP.JITService.exe,2018-09-15 07:28:32,NA,False,D:\Cases\Analysis\Registry\SYSTEM
1,265,C:\Program Files\WindowsApps\Microsoft.WindowsStore_11805.1001.49.0_x64__8wekyb3d8bbwe\Application,2019-03-19 20:56:40,NA,False,D:\Cases\Analysis\Registry\SYSTEM
1,266,C:\Windows\system32\browser_broker.exe,2019-03-19 13:15:36,NA,False,D:\Cases\Analysis\Registry\SYSTEM
1,267,C:\Program Files\WindowsApps\microsoft.windowscommunicationsapps_17.9330.21365.0_x64__8wekyb3d8bbwe\Application,2019-03-19 20:56:32,NA,False,D:\Cases\Analysis\Registry\SYSTEM
1,268,C:\Program Files\WindowsApps\Microsoft.Windows.Photos_2018.18051.21218.0_x64__8wekyb3d8bbwe\Application,2019-03-19 20:56:22,NA,False,D:\Cases\Analysis\Registry\SYSTEM
1,269,C:\Windows\system32\ApplicationFrameHost.exe,2018-09-15 07:28:39,NA,False,D:\Cases\Analysis\Registry\SYSTEM
1,270,0000000b	002c456300010000	000a000045630000	8664	Microsoft.MicrosoftEdge	8wekyb3d8bbwe	,,NA,False,D:\Cases\Analysis\Registry\SYSTEM
1,271,C:\Windows\SystemApps\Microsoft.MicrosoftEdge_8wekyb3d8bbwe\Application,2019-03-19 13:19:08,NA,False,D:\Cases\Analysis\Registry\SYSTEM
1,272,C:\Windows\system32\SettingSyncHost.exe,2018-09-15 07:28:58,NA,False,D:\Cases\Analysis\Registry\SYSTEM
1,273,C:\Windows\system32\dmclient.exe,2018-09-15 07:28:25,NA,False,D:\Cases\Analysis\Registry\SYSTEM
1,274,C:\Windows\system32\find.exe,2018-09-15 07:29:16,NA,False,D:\Cases\Analysis\Registry\SYSTEM
1,275,C:\Windows\system32\cscript.exe,2018-09-15 07:28:57,NA,False,D:\Cases\Analysis\Registry\SYSTEM
1,276,C:\Windows\System32\SLUI.exe,2018-09-15 07:28:45,NA,False,D:\Cases\Analysis\Registry\SYSTEM
1,277,C:\Windows\system32\SppExtComObj.exe,2019-03-19 13:15:46,NA,False,D:\Cases\Analysis\Registry\SYSTEM
1,278,C:\Windows\system32\net1.exe,2018-09-15 07:29:14,NA,False,D:\Cases\Analysis\Registry\SYSTEM
1,279,C:\Windows\system32\net.exe,2018-09-15 07:29:16,NA,False,D:\Cases\Analysis\Registry\SYSTEM
1,280,C:\bginfo\Bginfo.exe,2019-03-19 20:51:36,NA,False,D:\Cases\Analysis\Registry\SYSTEM
1,281,C:\Windows\System32\wscript.exe,2018-09-15 07:28:57,NA,False,D:\Cases\Analysis\Registry\SYSTEM
1,282,C:\Windows\System32\Wbem\WMIC.exe,2018-09-15 07:28:26,NA,False,D:\Cases\Analysis\Registry\SYSTEM
1,283,C:\Windows\System32\reg.exe,2018-09-15 07:29:14,NA,False,D:\Cases\Analysis\Registry\SYSTEM
1,284,C:\Windows\SystemApps\Microsoft.Windows.Cortana_cw5n1h2txyewy\Application,2019-03-19 13:19:08,NA,False,D:\Cases\Analysis\Registry\SYSTEM
1,285,C:\Windows\SystemApps\ShellExperienceHost_cw5n1h2txyewy\Application,2019-03-19 20:55:47,NA,False,D:\Cases\Analysis\Registry\SYSTEM
1,286,00000009	0001000661470000	000a000027410000	8664	Microsoft.NET.Native.Framework.1.6	8wekyb3d8bbwe	,,NA,False,D:\Cases\Analysis\Registry\SYSTEM
1,287,00000000	0001000661470000	000a000027410000	8664	Microsoft.NET.Native.Framework.1.6	8wekyb3d8bbwe	,,NA,False,D:\Cases\Analysis\Registry\SYSTEM
1,288,00000009	0001000661470000	000a000027410000	8664	Microsoft.NET.Native.Runtime.1.6	8wekyb3d8bbwe	,,NA,False,D:\Cases\Analysis\Registry\SYSTEM
1,289,00000000	0001000661470000	000a000027410000	8664	Microsoft.NET.Native.Runtime.1.6	8wekyb3d8bbwe	,,NA,False,D:\Cases\Analysis\Registry\SYSTEM
1,290,00000009	0001000763bb0000	000a000027410000	8664	Microsoft.NET.Native.Framework.1.7	8wekyb3d8bbwe	,,NA,False,D:\Cases\Analysis\Registry\SYSTEM
1,291,00000000	0001000763bb0000	000a000027410000	8664	Microsoft.NET.Native.Framework.1.7	8wekyb3d8bbwe	,,NA,False,D:\Cases\Analysis\Registry\SYSTEM
1,292,00000009	0001000763bb0000	000a000027410000	8664	Microsoft.NET.Native.Runtime.1.7	8wekyb3d8bbwe	,,NA,False,D:\Cases\Analysis\Registry\SYSTEM
1,293,00000000	0001000763bb0000	000a000027410000	8664	Microsoft.NET.Native.Runtime.1.7	8wekyb3d8bbwe	,,NA,False,D:\Cases\Analysis\Registry\SYSTEM
1,294,00000009	000e000063520000	000a0000273a0000	8664	Microsoft.VCLibs.140.00	8wekyb3d8bbwe	,,NA,False,D:\Cases\Analysis\Registry\SYSTEM
1,295,00000000	000e000063520000	000a0000273a0000	8664	Microsoft.VCLibs.140.00	8wekyb3d8bbwe	,,NA,False,D:\Cases\Analysis\Registry\SYSTEM
1,296,C:\Windows\SysWOW64\WindowsPowerShell\v1.0\powershell.exe,2018-09-15 07:29:56,NA,False,D:\Cases\Analysis\Registry\SYSTEM
1,297,C:\Windows\SysWOW64\cmd.exe,2018-09-15 07:29:07,NA,False,D:\Cases\Analysis\Registry\SYSTEM
1,298,0000000b	000a0000000203e8	000a000045630001	8664	windows.immersivecontrolpanel	cw5n1h2txyewy	neutral,,NA,False,D:\Cases\Analysis\Registry\SYSTEM
1,299,C:\Windows\System32\ie4uinit.exe,2018-09-15 07:29:16,NA,False,D:\Cases\Analysis\Registry\SYSTEM
1,300,C:\Windows\System32\WindowsPowerShell\v1.0\powershell.exe,2018-09-15 07:29:54,NA,False,D:\Cases\Analysis\Registry\SYSTEM
1,301,C:\Windows\System32\unregmp2.exe,2018-09-15 09:08:33,NA,False,D:\Cases\Analysis\Registry\SYSTEM
1,302,C:\Windows\System32\cmd.exe,2018-09-15 07:28:38,NA,False,D:\Cases\Analysis\Registry\SYSTEM
1,303,C:\Windows\system32\runonce.exe,2018-09-15 07:28:50,NA,False,D:\Cases\Analysis\Registry\SYSTEM
1,304,C:\Windows\system32\ctfmon.exe,2018-09-15 07:28:45,NA,False,D:\Cases\Analysis\Registry\SYSTEM
1,305,C:\Windows\SysWOW64\regsvr32.exe,2018-09-15 07:29:31,NA,False,D:\Cases\Analysis\Registry\SYSTEM
1,306,C:\Windows\system32\regsvr32.exe,2018-09-15 07:29:22,NA,False,D:\Cases\Analysis\Registry\SYSTEM
1,307,C:\Windows\System32\CloudExperienceHostBroker.exe,2018-09-15 07:28:40,NA,False,D:\Cases\Analysis\Registry\SYSTEM
1,308,C:\Windows\System32\RuntimeBroker.exe,2018-09-15 07:28:29,NA,False,D:\Cases\Analysis\Registry\SYSTEM
1,309,C:\Windows\System32\smartscreen.exe,2019-03-19 13:15:39,NA,False,D:\Cases\Analysis\Registry\SYSTEM
1,310,0000000b	000a000045630001	000a000045630000	8664	Microsoft.Windows.CloudExperienceHost	cw5n1h2txyewy	neutral,,NA,False,D:\Cases\Analysis\Registry\SYSTEM
1,311,C:\Windows\SystemApps\Microsoft.Windows.CloudExperienceHost_cw5n1h2txyewy\Application,2019-03-19 20:55:43,NA,False,D:\Cases\Analysis\Registry\SYSTEM
1,312,C:\Windows\SystemApps\Microsoft.Windows.ContentDeliveryManager_cw5n1h2txyewy\Application,2019-03-19 13:19:08,NA,False,D:\Cases\Analysis\Registry\SYSTEM
1,313,C:\Windows\system32\SearchFilterHost.exe,2019-03-19 13:15:42,NA,False,D:\Cases\Analysis\Registry\SYSTEM
1,314,C:\Windows\system32\SearchProtocolHost.exe,2019-03-19 13:15:42,NA,False,D:\Cases\Analysis\Registry\SYSTEM
1,315,C:\Windows\Explorer.EXE,2019-03-19 13:15:37,NA,False,D:\Cases\Analysis\Registry\SYSTEM
1,316,C:\Windows\system32\userinit.exe,2018-09-15 07:28:45,NA,False,D:\Cases\Analysis\Registry\SYSTEM
1,317,C:\Windows\system32\MDMAgent.exe,2018-09-15 07:28:23,NA,False,D:\Cases\Analysis\Registry\SYSTEM
1,318,C:\Windows\system32\sihost.exe,2018-09-15 07:28:34,NA,False,D:\Cases\Analysis\Registry\SYSTEM
1,319,C:\Windows\system32\LogonUI.exe,2018-09-15 07:28:45,NA,False,D:\Cases\Analysis\Registry\SYSTEM
1,320,C:\Windows\system32\wermgr.exe,2018-09-15 07:28:46,NA,False,D:\Cases\Analysis\Registry\SYSTEM
1,321,C:\Windows\system32\dxgiadaptercache.exe,2018-09-15 07:28:32,NA,False,D:\Cases\Analysis\Registry\SYSTEM
1,322,C:\Windows\system32\compattelrunner.exe,2019-03-19 13:15:49,NA,False,D:\Cases\Analysis\Registry\SYSTEM
1,323,C:\Windows\system32\devicecensus.exe,2019-03-19 13:15:33,NA,False,D:\Cases\Analysis\Registry\SYSTEM
1,324,C:\Windows\system32\taskhostw.exe,2018-09-15 07:28:44,NA,False,D:\Cases\Analysis\Registry\SYSTEM
1,325,C:\Windows\system32\wbem\wmiprvse.exe,2018-09-15 07:28:29,NA,False,D:\Cases\Analysis\Registry\SYSTEM
1,326,C:\Windows\winsxs\amd64_microsoft-windows-servicingstack_31bf3856ad364e35_10.0.17763.1_none_fa254b2e1f73e660\TiWorker.exe,2018-09-15 06:09:30,NA,False,D:\Cases\Analysis\Registry\SYSTEM
1,327,C:\Windows\system32\DllHost.exe,2018-09-15 07:28:45,NA,False,D:\Cases\Analysis\Registry\SYSTEM
1,328,C:\Windows\system32\utilman.exe,2018-09-15 07:28:42,NA,False,D:\Cases\Analysis\Registry\SYSTEM
1,329,C:\Windows\system32\mcbuilder.exe,2018-09-15 07:28:53,NA,False,D:\Cases\Analysis\Registry\SYSTEM
1,330,C:\Windows\system32\oobe\FirstLogonAnim.exe,2018-09-15 07:28:56,NA,False,D:\Cases\Analysis\Registry\SYSTEM
1,331,C:\Windows\system32\SearchIndexer.exe,2019-03-19 13:15:42,NA,False,D:\Cases\Analysis\Registry\SYSTEM
1,332,C:\Windows\system32\oobe\msoobe.exe,2018-09-15 07:28:55,NA,False,D:\Cases\Analysis\Registry\SYSTEM
1,333,C:\WINDOWS\SYSTEM32\MUIUNATTEND.EXE,2018-09-15 07:28:46,NA,False,D:\Cases\Analysis\Registry\SYSTEM
1,334,C:\Windows\system32\oobe\oobeldr.exe,2018-09-15 07:28:58,NA,False,D:\Cases\Analysis\Registry\SYSTEM
1,335,C:\WINDOWS\SYSTEM32\RUNDLL32.EXE,2018-09-15 07:28:57,NA,False,D:\Cases\Analysis\Registry\SYSTEM
1,336,C:\Windows\system32\provtool.exe,2018-09-15 07:28:25,NA,False,D:\Cases\Analysis\Registry\SYSTEM
1,337,C:\Windows\SysWOW64\ByteCodeGenerator.exe,2018-09-15 07:29:00,NA,False,D:\Cases\Analysis\Registry\SYSTEM
1,338,C:\Windows\system32\ByteCodeGenerator.exe,2018-09-15 07:28:29,NA,False,D:\Cases\Analysis\Registry\SYSTEM
1,339,00000009	000a46844ef30000	000a0000428b0000	8664	Microsoft.ZuneVideo	8wekyb3d8bbwe	,,NA,False,D:\Cases\Analysis\Registry\SYSTEM
1,340,00000009	000a46844ef30000	000a0000428b0000	8664	Microsoft.ZuneMusic	8wekyb3d8bbwe	,,NA,False,D:\Cases\Analysis\Registry\SYSTEM
1,341,00000009	000c002c4e210000	000a000042ee0000	8664	Microsoft.XboxIdentityProvider	8wekyb3d8bbwe	,,NA,False,D:\Cases\Analysis\Registry\SYSTEM
1,342,00000009	00010020426d0000	000a00003fab0000	8664	Microsoft.XboxGameOverlay	8wekyb3d8bbwe	,,NA,False,D:\Cases\Analysis\Registry\SYSTEM
1,343,00000009	0029002946510000	000a00003f810000	8664	Microsoft.XboxApp	8wekyb3d8bbwe	,,NA,False,D:\Cases\Analysis\Registry\SYSTEM
1,344,00000009	2e1d03e900310000	000a000042d20000	8664	Microsoft.WindowsStore	8wekyb3d8bbwe	,,NA,False,D:\Cases\Analysis\Registry\SYSTEM
1,345,00000009	000a070d07950000	000a000042ed0000	8664	Microsoft.WindowsSoundRecorder	8wekyb3d8bbwe	,,NA,False,D:\Cases\Analysis\Registry\SYSTEM
1,346,00000009	0005070d05970000	000a000042ed0000	8664	Microsoft.WindowsMaps	8wekyb3d8bbwe	,,NA,False,D:\Cases\Analysis\Registry\SYSTEM
1,347,00000009	0001070d091b0000	000a00003fab0000	8664	Microsoft.WindowsFeedbackHub	8wekyb3d8bbwe	,,NA,False,D:\Cases\Analysis\Registry\SYSTEM
1,348,00000009	0011247253750000	000a00003f3e0000	8664	microsoft.windowscommunicationsapps	8wekyb3d8bbwe	,,NA,False,D:\Cases\Analysis\Registry\SYSTEM
1,349,00000009	07e201a900780000	000a000042ee0000	8664	Microsoft.WindowsCamera	8wekyb3d8bbwe	,,NA,False,D:\Cases\Analysis\Registry\SYSTEM
1,350,00000009	000a070d04b10000	000a000042ed0000	8664	Microsoft.WindowsCalculator	8wekyb3d8bbwe	,,NA,False,D:\Cases\Analysis\Registry\SYSTEM
1,351,00000009	000a070d05510000	000a000042ed0000	8664	Microsoft.WindowsAlarms	8wekyb3d8bbwe	,,NA,False,D:\Cases\Analysis\Registry\SYSTEM
1,352,00000009	07e2468352e20000	000a000042ee0000	8664	Microsoft.Windows.Photos	8wekyb3d8bbwe	,,NA,False,D:\Cases\Analysis\Registry\SYSTEM
1,353,00000009	0001000030350000	000a00003fab0000	8664	Microsoft.WebMediaExtensions	8wekyb3d8bbwe	,,NA,False,D:\Cases\Analysis\Registry\SYSTEM
1,354,00000009	0002000247030000	000a00003fab0000	8664	Microsoft.Wallet	8wekyb3d8bbwe	,,NA,False,D:\Cases\Analysis\Registry\SYSTEM
1,355,00000009	2e1d03e900080000	000a000042d20000	8664	Microsoft.StorePurchaseApp	8wekyb3d8bbwe	,,NA,False,D:\Cases\Analysis\Registry\SYSTEM
1,356,00000009	000e001a005f0000	000a000042ee0000	8664	Microsoft.SkypeApp	kzf8qxf38zg5c	,,NA,False,D:\Cases\Analysis\Registry\SYSTEM
1,357,00000009	000a070e08400000	000a000045170000	8664	Microsoft.ScreenSketch	8wekyb3d8bbwe	,,NA,False,D:\Cases\Analysis\Registry\SYSTEM
1,358,00000009	0003000005f10000	000a000042ee0000	8664	Microsoft.Print3D	8wekyb3d8bbwe	,,NA,False,D:\Cases\Analysis\Registry\SYSTEM
1,359,00000009	000a070d05510000	000a000042ed0000	8664	Microsoft.People	8wekyb3d8bbwe	,,NA,False,D:\Cases\Analysis\Registry\SYSTEM
1,360,00000009	0005070f07c70000	000a000042ee0000	8664	Microsoft.OneConnect	8wekyb3d8bbwe	,,NA,False,D:\Cases\Analysis\Registry\SYSTEM
1,361,00000009	3e8127f44e230000	000a00003f3e0000	8664	Microsoft.Office.OneNote	8wekyb3d8bbwe	,,NA,False,D:\Cases\Analysis\Registry\SYSTEM
1,362,00000009	0004070f2efb0000	000a000042b70000	8664	Microsoft.MSPaint	8wekyb3d8bbwe	,,NA,False,D:\Cases\Analysis\Registry\SYSTEM
1,363,00000009	07d046a104da0000	000a000045180000	8664	Microsoft.MixedReality.Portal	8wekyb3d8bbwe	,,NA,False,D:\Cases\Analysis\Registry\SYSTEM
1,364,00000009	00020000000d0000	000a000042af0000	8664	Microsoft.MicrosoftStickyNotes	8wekyb3d8bbwe	,,NA,False,D:\Cases\Analysis\Registry\SYSTEM
1,365,00000000	0004000114840000	000a000042cd0000	8664	Microsoft.MicrosoftSolitaireCollection	8wekyb3d8bbwe	,,NA,False,D:\Cases\Analysis\Registry\SYSTEM
1,366,00000009	001122d617260000	000a000037b10000	8664	Microsoft.MicrosoftOfficeHub	8wekyb3d8bbwe	,,NA,False,D:\Cases\Analysis\Registry\SYSTEM
1,367,00000009	000407103aa40000	000a000042ef0000	8664	Microsoft.Microsoft3DViewer	8wekyb3d8bbwe	,,NA,False,D:\Cases\Analysis\Registry\SYSTEM
1,368,00000009	0003002b69790000	000a00003ad70000	8664	Microsoft.Messaging	8wekyb3d8bbwe	,,NA,False,D:\Cases\Analysis\Registry\SYSTEM
1,369,00000009	0006000d2d3d0000	000a000042ee0000	8664	Microsoft.Getstarted	8wekyb3d8bbwe	,,NA,False,D:\Cases\Analysis\Registry\SYSTEM
1,370,00000009	000a06aa28c90000	000a00003fab0000	8664	Microsoft.GetHelp	8wekyb3d8bbwe	,,NA,False,D:\Cases\Analysis\Registry\SYSTEM
1,371,00000009	0001000055fb0000	000a000045280000	8664	Microsoft.DesktopAppInstaller	8wekyb3d8bbwe	,,NA,False,D:\Cases\Analysis\Registry\SYSTEM
1,372,00000009	000400192f5f0000	000a000042ee0000	8664	Microsoft.BingWeather	8wekyb3d8bbwe	,,NA,False,D:\Cases\Analysis\Registry\SYSTEM
1,373,00000000	000a070c00020000	000a000028000000	8664	Microsoft.Advertising.Xaml	8wekyb3d8bbwe	,,NA,False,D:\Cases\Analysis\Registry\SYSTEM
1,374,00000009	000a070c00020000	000a000028000000	8664	Microsoft.Advertising.Xaml	8wekyb3d8bbwe	,,NA,False,D:\Cases\Analysis\Registry\SYSTEM
1,375,00000009	000a0000064a0000	000a000028000000	8664	Microsoft.Services.Store.Engagement	8wekyb3d8bbwe	,,NA,False,D:\Cases\Analysis\Registry\SYSTEM
1,376,00000000	000a0000064a0000	000a000028000000	8664	Microsoft.Services.Store.Engagement	8wekyb3d8bbwe	,,NA,False,D:\Cases\Analysis\Registry\SYSTEM
1,377,0000000b	03e8456300010000	000a000000000000	8664	Microsoft.XboxGameCallableUI	cw5n1h2txyewy	neutral,,NA,False,D:\Cases\Analysis\Registry\SYSTEM
1,378,0000000b	000a000045630001	000a000045630001	8664	Microsoft.Windows.ShellExperienceHost	cw5n1h2txyewy	neutral,,NA,False,D:\Cases\Analysis\Registry\SYSTEM
1,379,0000000b	000a000045630001	000a000000000000	8664	Microsoft.Windows.SecureAssessmentBrowser	cw5n1h2txyewy	neutral,,NA,False,D:\Cases\Analysis\Registry\SYSTEM
1,380,0000000b	000a000045630001	000a000045630001	8664	Microsoft.Windows.SecHealthUI	cw5n1h2txyewy	,,NA,False,D:\Cases\Analysis\Registry\SYSTEM
1,381,0000000b	000a000045630001	000a000045630001	8664	Microsoft.Windows.PeopleExperienceHost	cw5n1h2txyewy	neutral,,NA,False,D:\Cases\Analysis\Registry\SYSTEM
1,382,0000000b	0001000b00054563	000a000045630000	8664	Microsoft.Windows.Cortana	cw5n1h2txyewy	neutral,,NA,False,D:\Cases\Analysis\Registry\SYSTEM
1,383,0000000b	000a000045630001	000a000000000000	8664	Microsoft.Windows.ContentDeliveryManager	cw5n1h2txyewy	neutral,,NA,False,D:\Cases\Analysis\Registry\SYSTEM
1,384,0000000b	000a000045630001	000b000000000000	8664	Microsoft.Windows.CloudExperienceHost	cw5n1h2txyewy	neutral,,NA,False,D:\Cases\Analysis\Registry\SYSTEM
1,385,0000000b	000a000045630001	000a000000000000	8664	Microsoft.PPIProjection	cw5n1h2txyewy	neutral,,NA,False,D:\Cases\Analysis\Registry\SYSTEM
1,386,0000000b	002c456300010000	000c000000000000	8664	Microsoft.MicrosoftEdge	8wekyb3d8bbwe	,,NA,False,D:\Cases\Analysis\Registry\SYSTEM
1,387,C:\Program Files\Windows Defender\NisSrv.exe,2018-09-15 07:28:26,NA,False,D:\Cases\Analysis\Registry\SYSTEM
1,388,C:\Program Files\Windows Defender\MpCmdRun.exe,2018-09-15 07:28:26,NA,False,D:\Cases\Analysis\Registry\SYSTEM
1,389,0000000b	000a000045630001	000a00003fab0000	8664	Microsoft.BioEnrollment	cw5n1h2txyewy	,,NA,False,D:\Cases\Analysis\Registry\SYSTEM
1,390,0000000b	000a000045630001	000a000045630001	8664	Microsoft.AccountsControl	cw5n1h2txyewy	,,NA,False,D:\Cases\Analysis\Registry\SYSTEM
1,391,0000000b	03e8456300010000	000a0000295b0000	8664	Microsoft.AAD.BrokerPlugin	cw5n1h2txyewy	neutral,,NA,False,D:\Cases\Analysis\Registry\SYSTEM
1,392,C:\Windows\system32\DrvInst.exe,2018-09-15 07:28:55,NA,False,D:\Cases\Analysis\Registry\SYSTEM
1,393,C:\Windows\system32\wlms\wlms.exe,2018-09-15 09:09:53,NA,False,D:\Cases\Analysis\Registry\SYSTEM
1,394,C:\Program Files\Windows Defender\MsMpEng.exe,2018-09-15 07:28:26,NA,False,D:\Cases\Analysis\Registry\SYSTEM
1,395,C:\Windows\System32\spoolsv.exe,2018-09-15 07:28:24,NA,False,D:\Cases\Analysis\Registry\SYSTEM
1,396,C:\Windows\servicing\TrustedInstaller.exe,2018-09-15 06:09:27,NA,False,D:\Cases\Analysis\Registry\SYSTEM
1,397,C:\Windows\System32\Upfc.exe,2018-09-15 07:28:34,NA,False,D:\Cases\Analysis\Registry\SYSTEM
1,398,C:\Windows\system32\secinit.exe,2018-09-15 07:28:50,NA,False,D:\Cases\Analysis\Registry\SYSTEM
1,399,C:\Windows\system32\oobe\setup.exe,2018-09-15 07:28:57,NA,False,D:\Cases\Analysis\Registry\SYSTEM
1,400,C:\Windows\system32\oobe\windeploy.exe,2018-09-15 07:28:58,NA,False,D:\Cases\Analysis\Registry\SYSTEM
1,401,C:\Windows\system32\dwm.exe,2018-09-15 07:28:44,NA,False,D:\Cases\Analysis\Registry\SYSTEM
1,402,C:\Windows\system32\fontdrvhost.exe,2018-09-15 07:28:47,NA,False,D:\Cases\Analysis\Registry\SYSTEM
1,403,C:\Windows\system32\svchost.exe,2018-09-15 07:28:45,NA,False,D:\Cases\Analysis\Registry\SYSTEM
1,404,C:\Windows\system32\lsass.exe,2018-09-15 07:28:46,NA,False,D:\Cases\Analysis\Registry\SYSTEM
1,405,C:\Windows\system32\services.exe,2018-09-15 07:28:45,NA,False,D:\Cases\Analysis\Registry\SYSTEM
