RunTime,ExecutableName
2019-03-19 13:25:26,\VOLUME{01d4de9e09d44c1a-b009e7a9}\PROGRAM FILES (X86)\7-ZIP\7Z.EXE
2019-03-19 13:25:22,\VOLUME{01d4de9e09d44c1a-b009e7a9}\PROGRAM FILES (X86)\7-ZIP\7Z.EXE
2019-03-19 13:24:27,\VOLUME{01d4de9e09d44c1a-b009e7a9}\PROGRAM FILES (X86)\7-ZIP\7Z.EXE
2019-03-19 13:21:29,\VOLUME{01d4de9e09d44c1a-b009e7a9}\USERS\IEUSER\APPDATA\LOCAL\TEMP\CHOCOLATEY\CHOCINSTALL\7ZA.EXE
2022-07-25 05:08:49,\VOLUME{01d4de9e09d44c1a-b009e7a9}\WINDOWS\SOFTWAREDISTRIBUTION\DOWNLOAD\INSTALL\AM_BASE.EXE
2019-03-19 13:06:08,\VOLUME{01d4de9e09d44c1a-b009e7a9}\WINDOWS\SOFTWAREDISTRIBUTION\DOWNLOAD\INSTALL\AM_BASE.EXE
2022-07-25 05:08:51,\VOLUME{01d4de9e09d44c1a-b009e7a9}\WINDOWS\SOFTWAREDISTRIBUTION\DOWNLOAD\INSTALL\AM_DELTA.EXE
2019-03-19 13:06:11,\VOLUME{01d4de9e09d44c1a-b009e7a9}\WINDOWS\SOFTWAREDISTRIBUTION\DOWNLOAD\INSTALL\AM_DELTA.EXE
2022-07-25 05:08:46,\VOLUME{01d4de9e09d44c1a-b009e7a9}\WINDOWS\SOFTWAREDISTRIBUTION\DOWNLOAD\INSTALL\AM_ENGINE.EXE
2019-03-19 13:05:59,\VOLUME{01d4de9e09d44c1a-b009e7a9}\WINDOWS\SOFTWAREDISTRIBUTION\DOWNLOAD\INSTALL\AM_ENGINE.EXE
2022-07-24 15:15:54,\VOLUME{01d4de9e09d44c1a-b009e7a9}\WINDOWS\SYSTEM32\APPLICATIONFRAMEHOST.EXE
2022-07-24 15:10:37,\VOLUME{01d4de9e09d44c1a-b009e7a9}\WINDOWS\SYSTEM32\APPLICATIONFRAMEHOST.EXE
2019-03-19 13:22:51,\VOLUME{01d4de9e09d44c1a-b009e7a9}\WINDOWS\SYSTEM32\APPLICATIONFRAMEHOST.EXE
2019-03-19 13:21:17,\VOLUME{01d4de9e09d44c1a-b009e7a9}\WINDOWS\SYSTEM32\APPLICATIONFRAMEHOST.EXE
2019-03-19 13:20:10,\VOLUME{01d4de9e09d44c1a-b009e7a9}\WINDOWS\SYSTEM32\APPLICATIONFRAMEHOST.EXE
2019-03-19 13:07:07,\VOLUME{01d4de9e09d44c1a-b009e7a9}\WINDOWS\SYSTEM32\APPLICATIONFRAMEHOST.EXE
2019-03-19 13:01:24,\VOLUME{01d4de9e09d44c1a-b009e7a9}\WINDOWS\SYSTEM32\APPLICATIONFRAMEHOST.EXE
2022-07-24 15:22:43,\VOLUME{01d4de9e09d44c1a-b009e7a9}\ATOMICREDTEAM\TMP\ATOMIC-RED-TEAM-724CB3F50DCDD341815D5D2F34CBF90168017404\ATOMICS\T1543.003\BIN\ATOMICSERVICE.EXE
2022-07-25 05:06:26,\VOLUME{01d4de9e09d44c1a-b009e7a9}\WINDOWS\SYSTEM32\BACKGROUNDTASKHOST.EXE
2019-03-19 13:00:26,\VOLUME{01d4de9e09d44c1a-b009e7a9}\WINDOWS\SYSTEM32\BACKGROUNDTASKHOST.EXE
2022-07-24 15:15:54,\VOLUME{01d4de9e09d44c1a-b009e7a9}\WINDOWS\SYSTEM32\BACKGROUNDTASKHOST.EXE
2022-07-24 15:10:38,\VOLUME{01d4de9e09d44c1a-b009e7a9}\WINDOWS\SYSTEM32\BACKGROUNDTASKHOST.EXE
2019-03-19 13:22:56,\VOLUME{01d4de9e09d44c1a-b009e7a9}\WINDOWS\SYSTEM32\BACKGROUNDTASKHOST.EXE
2019-03-19 13:07:07,\VOLUME{01d4de9e09d44c1a-b009e7a9}\WINDOWS\SYSTEM32\BACKGROUNDTASKHOST.EXE
2019-03-19 13:04:03,\VOLUME{01d4de9e09d44c1a-b009e7a9}\WINDOWS\SYSTEM32\BACKGROUNDTASKHOST.EXE
2022-07-24 15:12:01,\VOLUME{01d4de9e09d44c1a-b009e7a9}\WINDOWS\SYSTEM32\BACKGROUNDTASKHOST.EXE
2022-07-25 05:06:26,\VOLUME{01d4de9e09d44c1a-b009e7a9}\WINDOWS\SYSTEM32\BACKGROUNDTASKHOST.EXE
2022-07-24 15:14:23,\VOLUME{01d4de9e09d44c1a-b009e7a9}\WINDOWS\SYSTEM32\BACKGROUNDTRANSFERHOST.EXE
2022-07-24 15:14:16,\VOLUME{01d4de9e09d44c1a-b009e7a9}\WINDOWS\SYSTEM32\BACKGROUNDTRANSFERHOST.EXE
2022-07-24 15:14:15,\VOLUME{01d4de9e09d44c1a-b009e7a9}\WINDOWS\SYSTEM32\BACKGROUNDTRANSFERHOST.EXE
2022-07-24 15:14:12,\VOLUME{01d4de9e09d44c1a-b009e7a9}\WINDOWS\SYSTEM32\BACKGROUNDTRANSFERHOST.EXE
2022-07-24 15:14:10,\VOLUME{01d4de9e09d44c1a-b009e7a9}\WINDOWS\SYSTEM32\BACKGROUNDTRANSFERHOST.EXE
2019-03-19 13:17:43,\VOLUME{01d4de9e09d44c1a-b009e7a9}\WINDOWS\SYSTEM32\BACKGROUNDTRANSFERHOST.EXE
2019-03-19 13:17:43,\VOLUME{01d4de9e09d44c1a-b009e7a9}\WINDOWS\SYSTEM32\BACKGROUNDTRANSFERHOST.EXE
2019-03-19 13:08:58,\VOLUME{01d4de9e09d44c1a-b009e7a9}\WINDOWS\SYSTEM32\BACKGROUNDTRANSFERHOST.EXE
2022-07-25 05:08:15,\VOLUME{01d4de9e09d44c1a-b009e7a9}\WINDOWS\SYSTEM32\BACKGROUNDTRANSFERHOST.EXE
2022-07-25 05:06:57,\VOLUME{01d4de9e09d44c1a-b009e7a9}\WINDOWS\SYSTEM32\BACKGROUNDTRANSFERHOST.EXE
2019-03-19 13:12:37,\VOLUME{01d4de9e09d44c1a-b009e7a9}\WINDOWS\SYSTEM32\BACKGROUNDTRANSFERHOST.EXE
2022-07-25 05:06:25,\VOLUME{01d4de9e09d44c1a-b009e7a9}\BGINFO\BGINFO.EXE
2019-03-19 13:21:30,\VOLUME{01d4de9e09d44c1a-b009e7a9}\BGINFO\BGINFO.EXE
2019-03-19 13:20:23,\VOLUME{01d4de9e09d44c1a-b009e7a9}\BGINFO\BGINFO.EXE
2019-03-19 13:07:19,\VOLUME{01d4de9e09d44c1a-b009e7a9}\BGINFO\BGINFO.EXE
2019-03-19 13:00:42,\VOLUME{01d4de9e09d44c1a-b009e7a9}\BGINFO\BGINFO.EXE
2022-07-24 15:15:54,\VOLUME{01d4de9e09d44c1a-b009e7a9}\WINDOWS\SYSTEM32\BROWSER_BROKER.EXE
2022-07-24 15:10:38,\VOLUME{01d4de9e09d44c1a-b009e7a9}\WINDOWS\SYSTEM32\BROWSER_BROKER.EXE
2019-03-19 13:20:11,\VOLUME{01d4de9e09d44c1a-b009e7a9}\WINDOWS\SYSTEM32\BROWSER_BROKER.EXE
2019-03-19 13:07:07,\VOLUME{01d4de9e09d44c1a-b009e7a9}\WINDOWS\SYSTEM32\BROWSER_BROKER.EXE
2022-07-24 15:34:56,\VOLUME{01d4de9e09d44c1a-b009e7a9}\WINDOWS\SYSTEM32\BYTECODEGENERATOR.EXE
2019-03-19 13:05:01,\VOLUME{01d4de9e09d44c1a-b009e7a9}\WINDOWS\SYSTEM32\BYTECODEGENERATOR.EXE
2019-03-19 13:21:41,\VOLUME{01d4de9e09d44c1a-b009e7a9}\PROGRAMDATA\CHOCOLATEY\CHOCO.EXE
2019-03-19 13:21:38,\VOLUME{01d4de9e09d44c1a-b009e7a9}\PROGRAMDATA\CHOCOLATEY\CHOCO.EXE
2019-03-19 13:21:41,\VOLUME{01d4de9e09d44c1a-b009e7a9}\PROGRAMDATA\CHOCOLATEY\BIN\CHOCO.EXE
2022-07-24 16:45:00,\VOLUME{01d4de9e09d44c1a-b009e7a9}\WINDOWS\SYSTEM32\CMD.EXE
2022-07-24 15:35:55,\VOLUME{01d4de9e09d44c1a-b009e7a9}\WINDOWS\SYSTEM32\CMD.EXE
2022-07-24 15:22:25,\VOLUME{01d4de9e09d44c1a-b009e7a9}\WINDOWS\SYSTEM32\CMD.EXE
2022-07-24 15:16:17,\VOLUME{01d4de9e09d44c1a-b009e7a9}\WINDOWS\SYSTEM32\CMD.EXE
2022-07-24 15:11:08,\VOLUME{01d4de9e09d44c1a-b009e7a9}\WINDOWS\SYSTEM32\CMD.EXE
2022-07-24 15:11:07,\VOLUME{01d4de9e09d44c1a-b009e7a9}\WINDOWS\SYSTEM32\CMD.EXE
2022-07-24 15:11:07,\VOLUME{01d4de9e09d44c1a-b009e7a9}\WINDOWS\SYSTEM32\CMD.EXE
2022-07-24 15:11:07,\VOLUME{01d4de9e09d44c1a-b009e7a9}\WINDOWS\SYSTEM32\CMD.EXE
2019-03-19 13:00:16,\VOLUME{01d4de9e09d44c1a-b009e7a9}\WINDOWS\SYSWOW64\CMD.EXE
2022-07-25 05:09:17,\VOLUME{01d4de9e09d44c1a-b009e7a9}\PROGRAM FILES\COMMON FILES\VMWARE\DRIVERS\VSS\COMREG.EXE
2022-07-25 05:07:13,\VOLUME{01d4de9e09d44c1a-b009e7a9}\PROGRAM FILES\COMMON FILES\VMWARE\DRIVERS\VSS\COMREG.EXE
2019-03-19 13:25:12,\VOLUME{01d4de9e09d44c1a-b009e7a9}\PROGRAM FILES\COMMON FILES\VMWARE\DRIVERS\VSS\COMREG.EXE
2022-07-24 15:35:55,\VOLUME{01d4de9e09d44c1a-b009e7a9}\WINDOWS\SYSTEM32\CONHOST.EXE
2022-07-24 15:25:21,\VOLUME{01d4de9e09d44c1a-b009e7a9}\WINDOWS\SYSTEM32\CONHOST.EXE
2022-07-24 15:22:18,\VOLUME{01d4de9e09d44c1a-b009e7a9}\WINDOWS\SYSTEM32\CONHOST.EXE
2022-07-24 15:18:39,\VOLUME{01d4de9e09d44c1a-b009e7a9}\WINDOWS\SYSTEM32\CONHOST.EXE
2022-07-24 15:11:07,\VOLUME{01d4de9e09d44c1a-b009e7a9}\WINDOWS\SYSTEM32\CONHOST.EXE
2022-07-24 15:11:07,\VOLUME{01d4de9e09d44c1a-b009e7a9}\WINDOWS\SYSTEM32\CONHOST.EXE
2022-07-24 15:11:07,\VOLUME{01d4de9e09d44c1a-b009e7a9}\WINDOWS\SYSTEM32\CONHOST.EXE
2022-07-25 05:06:09,\VOLUME{01d4de9e09d44c1a-b009e7a9}\WINDOWS\SYSTEM32\CONHOST.EXE
2022-07-24 15:18:37,\VOLUME{01d4de9e09d44c1a-b009e7a9}\WINDOWS\SYSTEM32\CONSENT.EXE
2022-07-24 15:16:37,\VOLUME{01d4de9e09d44c1a-b009e7a9}\WINDOWS\SYSTEM32\CONSENT.EXE
2022-07-24 15:14:57,\VOLUME{01d4de9e09d44c1a-b009e7a9}\WINDOWS\SYSTEM32\CONSENT.EXE
2022-07-24 15:14:54,\VOLUME{01d4de9e09d44c1a-b009e7a9}\WINDOWS\SYSTEM32\CONSENT.EXE
2022-07-24 15:14:52,\VOLUME{01d4de9e09d44c1a-b009e7a9}\WINDOWS\SYSTEM32\CONSENT.EXE
2022-07-24 15:14:48,\VOLUME{01d4de9e09d44c1a-b009e7a9}\WINDOWS\SYSTEM32\CONSENT.EXE
2022-07-24 15:14:45,\VOLUME{01d4de9e09d44c1a-b009e7a9}\WINDOWS\SYSTEM32\CONSENT.EXE
2022-07-24 15:12:31,\VOLUME{01d4de9e09d44c1a-b009e7a9}\WINDOWS\SYSTEM32\CONSENT.EXE
2022-07-25 05:08:56,\VOLUME{01d4de9e09d44c1a-b009e7a9}\WINDOWS\SYSTEM32\CONTROL.EXE
2019-03-19 13:03:18,\VOLUME{01d4de9e09d44c1a-b009e7a9}\PROGRAM FILES (X86)\MICROSOFT SILVERLIGHT\5.1.50918.0\COREGEN.EXE
2019-03-19 13:03:17,\VOLUME{01d4de9e09d44c1a-b009e7a9}\PROGRAM FILES (X86)\MICROSOFT SILVERLIGHT\5.1.50918.0\COREGEN.EXE
2019-03-19 13:03:17,\VOLUME{01d4de9e09d44c1a-b009e7a9}\PROGRAM FILES (X86)\MICROSOFT SILVERLIGHT\5.1.50918.0\COREGEN.EXE
2019-03-19 13:03:17,\VOLUME{01d4de9e09d44c1a-b009e7a9}\PROGRAM FILES (X86)\MICROSOFT SILVERLIGHT\5.1.50918.0\COREGEN.EXE
2019-03-19 13:03:16,\VOLUME{01d4de9e09d44c1a-b009e7a9}\PROGRAM FILES (X86)\MICROSOFT SILVERLIGHT\5.1.50918.0\COREGEN.EXE
2019-03-19 13:03:16,\VOLUME{01d4de9e09d44c1a-b009e7a9}\PROGRAM FILES (X86)\MICROSOFT SILVERLIGHT\5.1.50918.0\COREGEN.EXE
2019-03-19 13:03:15,\VOLUME{01d4de9e09d44c1a-b009e7a9}\PROGRAM FILES (X86)\MICROSOFT SILVERLIGHT\5.1.50918.0\COREGEN.EXE
2019-03-19 13:03:14,\VOLUME{01d4de9e09d44c1a-b009e7a9}\PROGRAM FILES (X86)\MICROSOFT SILVERLIGHT\5.1.50918.0\COREGEN.EXE
2019-03-19 13:03:42,\VOLUME{01d4de9e09d44c1a-b009e7a9}\PROGRAM FILES\MICROSOFT SILVERLIGHT\5.1.50918.0\COREGEN.EXE
2019-03-19 13:03:42,\VOLUME{01d4de9e09d44c1a-b009e7a9}\PROGRAM FILES\MICROSOFT SILVERLIGHT\5.1.50918.0\COREGEN.EXE
2019-03-19 13:03:41,\VOLUME{01d4de9e09d44c1a-b009e7a9}\PROGRAM FILES\MICROSOFT SILVERLIGHT\5.1.50918.0\COREGEN.EXE
2019-03-19 13:03:41,\VOLUME{01d4de9e09d44c1a-b009e7a9}\PROGRAM FILES\MICROSOFT SILVERLIGHT\5.1.50918.0\COREGEN.EXE
2019-03-19 13:03:39,\VOLUME{01d4de9e09d44c1a-b009e7a9}\PROGRAM FILES\MICROSOFT SILVERLIGHT\5.1.50918.0\COREGEN.EXE
2019-03-19 13:03:38,\VOLUME{01d4de9e09d44c1a-b009e7a9}\PROGRAM FILES\MICROSOFT SILVERLIGHT\5.1.50918.0\COREGEN.EXE
2019-03-19 13:03:37,\VOLUME{01d4de9e09d44c1a-b009e7a9}\PROGRAM FILES\MICROSOFT SILVERLIGHT\5.1.50918.0\COREGEN.EXE
2019-03-19 13:03:34,\VOLUME{01d4de9e09d44c1a-b009e7a9}\PROGRAM FILES\MICROSOFT SILVERLIGHT\5.1.50918.0\COREGEN.EXE
2022-07-24 15:21:38,\VOLUME{01d4de9e09d44c1a-b009e7a9}\WINDOWS\MICROSOFT.NET\FRAMEWORK64\V4.0.30319\CSC.EXE
2022-07-24 15:20:54,\VOLUME{01d4de9e09d44c1a-b009e7a9}\WINDOWS\MICROSOFT.NET\FRAMEWORK64\V4.0.30319\CSC.EXE
2019-03-19 13:29:24,\VOLUME{01d4de9e09d44c1a-b009e7a9}\WINDOWS\SYSTEM32\CSCRIPT.EXE
2019-03-19 13:00:50,\VOLUME{01d4de9e09d44c1a-b009e7a9}\WINDOWS\SYSTEM32\CSCRIPT.EXE
2019-03-19 13:00:04,\VOLUME{01d4de9e09d44c1a-b009e7a9}\WINDOWS\SYSTEM32\CSRSS.EXE
2022-07-24 15:21:38,\VOLUME{01d4de9e09d44c1a-b009e7a9}\WINDOWS\MICROSOFT.NET\FRAMEWORK64\V4.0.30319\CVTRES.EXE
2022-07-24 15:20:54,\VOLUME{01d4de9e09d44c1a-b009e7a9}\WINDOWS\MICROSOFT.NET\FRAMEWORK64\V4.0.30319\CVTRES.EXE
2019-03-19 13:22:50,\VOLUME{01d4de9e09d44c1a-b009e7a9}\USERS\IEUSER\APPDATA\LOCAL\TEMP\852DE2B4-535E-4A18-A709-0EEB2A6FE810\DISMHOST.EXE
2022-07-24 15:16:39,\VOLUME{01d4de9e09d44c1a-b009e7a9}\WINDOWS\SYSTEM32\DLLHOST.EXE
2022-07-24 15:14:47,\VOLUME{01d4de9e09d44c1a-b009e7a9}\WINDOWS\SYSTEM32\DLLHOST.EXE
2022-07-25 05:06:51,\VOLUME{01d4de9e09d44c1a-b009e7a9}\WINDOWS\SYSTEM32\DLLHOST.EXE
2019-03-19 13:12:33,\VOLUME{01d4de9e09d44c1a-b009e7a9}\WINDOWS\SYSTEM32\DLLHOST.EXE
2022-07-25 05:06:51,\VOLUME{01d4de9e09d44c1a-b009e7a9}\WINDOWS\SYSTEM32\DLLHOST.EXE
2019-03-19 13:12:33,\VOLUME{01d4de9e09d44c1a-b009e7a9}\WINDOWS\SYSTEM32\DLLHOST.EXE
2022-07-25 05:07:50,\VOLUME{01d4de9e09d44c1a-b009e7a9}\WINDOWS\SYSTEM32\DLLHOST.EXE
2019-03-19 13:23:06,\VOLUME{01d4de9e09d44c1a-b009e7a9}\WINDOWS\SYSTEM32\DLLHOST.EXE
2019-03-19 13:14:10,\VOLUME{01d4de9e09d44c1a-b009e7a9}\WINDOWS\SYSTEM32\DLLHOST.EXE
2019-03-19 13:07:43,\VOLUME{01d4de9e09d44c1a-b009e7a9}\WINDOWS\SYSTEM32\DLLHOST.EXE
2019-03-19 13:02:23,\VOLUME{01d4de9e09d44c1a-b009e7a9}\WINDOWS\SYSTEM32\DLLHOST.EXE
2022-07-24 15:13:35,\VOLUME{01d4de9e09d44c1a-b009e7a9}\WINDOWS\SYSTEM32\DLLHOST.EXE
2022-07-24 15:33:48,\VOLUME{01d4de9e09d44c1a-b009e7a9}\WINDOWS\SYSTEM32\DLLHOST.EXE
2022-07-24 15:20:39,\VOLUME{01d4de9e09d44c1a-b009e7a9}\WINDOWS\SYSTEM32\DLLHOST.EXE
2022-07-24 15:16:12,\VOLUME{01d4de9e09d44c1a-b009e7a9}\WINDOWS\SYSTEM32\DLLHOST.EXE
2022-07-24 15:14:04,\VOLUME{01d4de9e09d44c1a-b009e7a9}\WINDOWS\SYSTEM32\DLLHOST.EXE
2022-07-24 15:10:54,\VOLUME{01d4de9e09d44c1a-b009e7a9}\WINDOWS\SYSTEM32\DLLHOST.EXE
2019-03-19 13:24:30,\VOLUME{01d4de9e09d44c1a-b009e7a9}\WINDOWS\SYSTEM32\DLLHOST.EXE
2019-03-19 13:22:14,\VOLUME{01d4de9e09d44c1a-b009e7a9}\WINDOWS\SYSTEM32\DLLHOST.EXE
2019-03-19 13:12:36,\VOLUME{01d4de9e09d44c1a-b009e7a9}\WINDOWS\SYSTEM32\DLLHOST.EXE
2022-07-24 15:30:43,\VOLUME{01d4de9e09d44c1a-b009e7a9}\WINDOWS\SYSTEM32\DLLHOST.EXE
2022-07-24 15:26:23,\VOLUME{01d4de9e09d44c1a-b009e7a9}\WINDOWS\SYSTEM32\DLLHOST.EXE
2022-07-24 15:18:39,\VOLUME{01d4de9e09d44c1a-b009e7a9}\WINDOWS\SYSTEM32\DLLHOST.EXE
2022-07-24 15:16:39,\VOLUME{01d4de9e09d44c1a-b009e7a9}\WINDOWS\SYSTEM32\DLLHOST.EXE
2022-07-24 15:12:32,\VOLUME{01d4de9e09d44c1a-b009e7a9}\WINDOWS\SYSTEM32\DLLHOST.EXE
2022-07-25 05:07:48,\VOLUME{01d4de9e09d44c1a-b009e7a9}\WINDOWS\SYSTEM32\DLLHOST.EXE
2019-03-19 13:24:05,\VOLUME{01d4de9e09d44c1a-b009e7a9}\WINDOWS\SYSTEM32\DLLHOST.EXE
2019-03-19 13:23:12,\VOLUME{01d4de9e09d44c1a-b009e7a9}\WINDOWS\SYSTEM32\DLLHOST.EXE
2019-03-19 13:25:12,\VOLUME{01d4de9e09d44c1a-b009e7a9}\WINDOWS\SYSTEM32\DLLHOST.EXE
2022-07-24 15:20:17,\VOLUME{01d4de9e09d44c1a-b009e7a9}\WINDOWS\SYSTEM32\DLLHOST.EXE
2022-07-24 15:16:23,\VOLUME{01d4de9e09d44c1a-b009e7a9}\WINDOWS\SYSTEM32\DLLHOST.EXE
2022-07-24 15:16:26,\VOLUME{01d4de9e09d44c1a-b009e7a9}\WINDOWS\SYSTEM32\DLLHOST.EXE
2022-07-24 15:14:05,\VOLUME{01d4de9e09d44c1a-b009e7a9}\WINDOWS\SYSTEM32\DLLHOST.EXE
2019-03-19 13:01:23,\VOLUME{01d4de9e09d44c1a-b009e7a9}\WINDOWS\SYSTEM32\DLLHOST.EXE
2022-07-24 15:12:32,\VOLUME{01d4de9e09d44c1a-b009e7a9}\WINDOWS\SYSTEM32\DLLHOST.EXE
2022-07-24 15:12:18,\VOLUME{01d4de9e09d44c1a-b009e7a9}\WINDOWS\SYSTEM32\DLLHOST.EXE
2022-07-24 15:26:09,\VOLUME{01d4de9e09d44c1a-b009e7a9}\WINDOWS\SYSTEM32\DLLHOST.EXE
2022-07-24 15:20:18,\VOLUME{01d4de9e09d44c1a-b009e7a9}\WINDOWS\SYSTEM32\DLLHOST.EXE
2022-07-24 15:16:26,\VOLUME{01d4de9e09d44c1a-b009e7a9}\WINDOWS\SYSTEM32\DLLHOST.EXE
2022-07-24 15:16:10,\VOLUME{01d4de9e09d44c1a-b009e7a9}\WINDOWS\SYSTEM32\DLLHOST.EXE
2022-07-24 15:14:50,\VOLUME{01d4de9e09d44c1a-b009e7a9}\WINDOWS\SYSTEM32\DLLHOST.EXE
2022-07-24 15:14:01,\VOLUME{01d4de9e09d44c1a-b009e7a9}\WINDOWS\SYSTEM32\DLLHOST.EXE
2022-07-24 15:10:53,\VOLUME{01d4de9e09d44c1a-b009e7a9}\WINDOWS\SYSTEM32\DLLHOST.EXE
2019-03-19 13:21:30,\VOLUME{01d4de9e09d44c1a-b009e7a9}\WINDOWS\SYSTEM32\DLLHOST.EXE
2022-07-25 05:09:17,\VOLUME{01d4de9e09d44c1a-b009e7a9}\WINDOWS\SYSTEM32\DLLHOST.EXE
2022-07-24 15:11:27,\VOLUME{01d4de9e09d44c1a-b009e7a9}\WINDOWS\SYSWOW64\DLLHOST.EXE
2022-07-24 15:11:17,\VOLUME{01d4de9e09d44c1a-b009e7a9}\WINDOWS\SYSWOW64\DLLHOST.EXE
2022-07-24 15:11:11,\VOLUME{01d4de9e09d44c1a-b009e7a9}\WINDOWS\SYSWOW64\DLLHOST.EXE
2022-07-24 15:11:04,\VOLUME{01d4de9e09d44c1a-b009e7a9}\WINDOWS\SYSWOW64\DLLHOST.EXE
2022-07-25 05:08:45,\VOLUME{01d4de9e09d44c1a-b009e7a9}\WINDOWS\SYSWOW64\DLLHOST.EXE
2022-07-25 05:08:38,\VOLUME{01d4de9e09d44c1a-b009e7a9}\WINDOWS\SYSWOW64\DLLHOST.EXE
2022-07-25 05:08:31,\VOLUME{01d4de9e09d44c1a-b009e7a9}\WINDOWS\SYSWOW64\DLLHOST.EXE
2022-07-25 05:08:24,\VOLUME{01d4de9e09d44c1a-b009e7a9}\WINDOWS\SYSWOW64\DLLHOST.EXE
2022-07-25 05:08:51,\VOLUME{01d4de9e09d44c1a-b009e7a9}\WINDOWS\SYSTEM32\DRVINST.EXE
2019-03-19 13:25:02,\VOLUME{01d4de9e09d44c1a-b009e7a9}\WINDOWS\SYSTEM32\DRVINST.EXE
2019-03-19 13:25:01,\VOLUME{01d4de9e09d44c1a-b009e7a9}\WINDOWS\SYSTEM32\DRVINST.EXE
2019-03-19 13:24:59,\VOLUME{01d4de9e09d44c1a-b009e7a9}\WINDOWS\SYSTEM32\DRVINST.EXE
2019-03-19 13:24:56,\VOLUME{01d4de9e09d44c1a-b009e7a9}\WINDOWS\SYSTEM32\DRVINST.EXE
2019-03-19 13:24:56,\VOLUME{01d4de9e09d44c1a-b009e7a9}\WINDOWS\SYSTEM32\DRVINST.EXE
2019-03-19 13:24:56,\VOLUME{01d4de9e09d44c1a-b009e7a9}\WINDOWS\SYSTEM32\DRVINST.EXE
2019-03-19 13:24:55,\VOLUME{01d4de9e09d44c1a-b009e7a9}\WINDOWS\SYSTEM32\DRVINST.EXE
2019-03-19 13:00:04,\VOLUME{01d4de9e09d44c1a-b009e7a9}\WINDOWS\SYSTEM32\DWM.EXE
2022-07-24 15:10:53,\VOLUME{01d4de9e09d44c1a-b009e7a9}\USERS\IEUSER\APPDATA\LOCAL\MICROSOFT\ONEDRIVE\21.220.1024.0005\FILECOAUTH.EXE
2022-07-24 15:26:09,\VOLUME{01d4de9e09d44c1a-b009e7a9}\USERS\IEUSER\APPDATA\LOCAL\MICROSOFT\ONEDRIVE\22.131.0619.0001\FILECOAUTH.EXE
2022-07-24 15:20:18,\VOLUME{01d4de9e09d44c1a-b009e7a9}\USERS\IEUSER\APPDATA\LOCAL\MICROSOFT\ONEDRIVE\22.131.0619.0001\FILECOAUTH.EXE
2022-07-24 15:16:26,\VOLUME{01d4de9e09d44c1a-b009e7a9}\USERS\IEUSER\APPDATA\LOCAL\MICROSOFT\ONEDRIVE\22.131.0619.0001\FILECOAUTH.EXE
2022-07-24 15:16:10,\VOLUME{01d4de9e09d44c1a-b009e7a9}\USERS\IEUSER\APPDATA\LOCAL\MICROSOFT\ONEDRIVE\22.131.0619.0001\FILECOAUTH.EXE
2022-07-24 15:14:01,\VOLUME{01d4de9e09d44c1a-b009e7a9}\USERS\IEUSER\APPDATA\LOCAL\MICROSOFT\ONEDRIVE\22.131.0619.0001\FILECOAUTH.EXE
2019-03-19 13:21:30,\VOLUME{01d4de9e09d44c1a-b009e7a9}\USERS\IEUSER\APPDATA\LOCAL\MICROSOFT\ONEDRIVE\18.143.0717.0002\FILECOAUTH.EXE
2019-03-19 13:20:22,\VOLUME{01d4de9e09d44c1a-b009e7a9}\USERS\IEUSER\APPDATA\LOCAL\MICROSOFT\ONEDRIVE\18.143.0717.0002\FILECOAUTH.EXE
2019-03-19 13:12:26,\VOLUME{01d4de9e09d44c1a-b009e7a9}\USERS\IEUSER\APPDATA\LOCAL\MICROSOFT\ONEDRIVE\18.143.0717.0002\FILECOAUTH.EXE
2019-03-19 13:07:19,\VOLUME{01d4de9e09d44c1a-b009e7a9}\USERS\IEUSER\APPDATA\LOCAL\MICROSOFT\ONEDRIVE\18.143.0717.0002\FILECOAUTH.EXE
2022-07-24 15:11:56,\VOLUME{01d4de9e09d44c1a-b009e7a9}\USERS\IEUSER\APPDATA\LOCAL\MICROSOFT\ONEDRIVE\22.131.0619.0001\FILESYNCCONFIG.EXE
2022-07-25 05:08:32,\VOLUME{01d4de9e09d44c1a-b009e7a9}\USERS\IEUSER\APPDATA\LOCAL\MICROSOFT\ONEDRIVE\21.220.1024.0005\FILESYNCCONFIG.EXE
2019-03-19 13:04:50,\VOLUME{01d4de9e09d44c1a-b009e7a9}\USERS\IEUSER\APPDATA\LOCAL\MICROSOFT\ONEDRIVE\18.143.0717.0002\FILESYNCCONFIG.EXE
2019-03-19 13:00:04,\VOLUME{01d4de9e09d44c1a-b009e7a9}\WINDOWS\SYSTEM32\FONTDRVHOST.EXE
2019-03-19 13:00:50,\VOLUME{01d4de9e09d44c1a-b009e7a9}\WINDOWS\SYSTEM32\GENVALOBJ.EXE
2019-03-19 13:25:10,\VOLUME{01d4de9e09d44c1a-b009e7a9}\PROGRAM FILES\VMWARE\VMWARE TOOLS\GUESTPROXYCERTTOOL.EXE
2022-07-24 15:25:26,\VOLUME{01d4de9e09d44c1a-b009e7a9}\WINDOWS\SYSTEM32\HOSTNAME.EXE
2022-07-24 15:25:19,\VOLUME{01d4de9e09d44c1a-b009e7a9}\WINDOWS\SYSTEM32\HOSTNAME.EXE
2022-07-24 15:22:45,\VOLUME{01d4de9e09d44c1a-b009e7a9}\WINDOWS\SYSTEM32\HOSTNAME.EXE
2022-07-24 15:22:42,\VOLUME{01d4de9e09d44c1a-b009e7a9}\WINDOWS\SYSTEM32\HOSTNAME.EXE
2022-07-24 15:22:40,\VOLUME{01d4de9e09d44c1a-b009e7a9}\WINDOWS\SYSTEM32\HOSTNAME.EXE
2022-07-24 15:22:35,\VOLUME{01d4de9e09d44c1a-b009e7a9}\WINDOWS\SYSTEM32\HOSTNAME.EXE
2022-07-24 15:22:33,\VOLUME{01d4de9e09d44c1a-b009e7a9}\WINDOWS\SYSTEM32\HOSTNAME.EXE
2022-07-24 15:22:27,\VOLUME{01d4de9e09d44c1a-b009e7a9}\WINDOWS\SYSTEM32\HOSTNAME.EXE
2019-03-19 13:24:31,\VOLUME{01d4de9e09d44c1a-b009e7a9}\B1B4A6487D9ED7B94C6E\INSTALL.EXE
2019-03-19 13:24:37,\VOLUME{01d4de9e09d44c1a-b009e7a9}\0D44FFE1B31DC1B68652A027F5C7\INSTALL.EXE
2019-03-19 13:03:03,\VOLUME{01d4de9e09d44c1a-b009e7a9}\5752171D4EBDBAA67C84AAD7B2DD2B84\INSTALL.EXE
2022-07-24 16:45:02,\VOLUME{01d4de9e09d44c1a-b009e7a9}\WINDOWS\SYSTEM32\IPCONFIG.EXE
2022-07-24 15:35:55,\VOLUME{01d4de9e09d44c1a-b009e7a9}\WINDOWS\SYSTEM32\IPCONFIG.EXE
2019-03-19 13:18:54,\VOLUME{01d4de9e09d44c1a-b009e7a9}\WINDOWS\SYSTEM32\LOGONUI.EXE
2019-03-19 13:00:04,\VOLUME{01d4de9e09d44c1a-b009e7a9}\WINDOWS\SYSTEM32\LOGONUI.EXE
2022-07-24 15:22:47,\VOLUME{01d4de9e09d44c1a-b009e7a9}\WINDOWS\SYSTEM32\MAVINJECT.EXE
2022-07-24 15:16:43,\VOLUME{01d4de9e09d44c1a-b009e7a9}\USERS\IEUSER\APPDATA\LOCAL\MICROSOFT\ONEDRIVE\22.131.0619.0001\MICROSOFT.SHAREPOINT.EXE
2022-07-24 15:11:58,\VOLUME{01d4de9e09d44c1a-b009e7a9}\USERS\IEUSER\APPDATA\LOCAL\MICROSOFT\ONEDRIVE\22.131.0619.0001\MICROSOFT.SHAREPOINT.EXE
2022-07-24 15:15:54,\VOLUME{01d4de9e09d44c1a-b009e7a9}\WINDOWS\SYSTEMAPPS\MICROSOFT.MICROSOFTEDGE_8WEKYB3D8BBWE\MICROSOFTEDGE.EXE
2022-07-24 15:10:37,\VOLUME{01d4de9e09d44c1a-b009e7a9}\WINDOWS\SYSTEMAPPS\MICROSOFT.MICROSOFTEDGE_8WEKYB3D8BBWE\MICROSOFTEDGE.EXE
2019-03-19 13:22:51,\VOLUME{01d4de9e09d44c1a-b009e7a9}\WINDOWS\SYSTEMAPPS\MICROSOFT.MICROSOFTEDGE_8WEKYB3D8BBWE\MICROSOFTEDGE.EXE
2019-03-19 13:21:17,\VOLUME{01d4de9e09d44c1a-b009e7a9}\WINDOWS\SYSTEMAPPS\MICROSOFT.MICROSOFTEDGE_8WEKYB3D8BBWE\MICROSOFTEDGE.EXE
2019-03-19 13:20:10,\VOLUME{01d4de9e09d44c1a-b009e7a9}\WINDOWS\SYSTEMAPPS\MICROSOFT.MICROSOFTEDGE_8WEKYB3D8BBWE\MICROSOFTEDGE.EXE
2019-03-19 13:07:07,\VOLUME{01d4de9e09d44c1a-b009e7a9}\WINDOWS\SYSTEMAPPS\MICROSOFT.MICROSOFTEDGE_8WEKYB3D8BBWE\MICROSOFTEDGE.EXE
2019-03-19 13:01:24,\VOLUME{01d4de9e09d44c1a-b009e7a9}\WINDOWS\SYSTEMAPPS\MICROSOFT.MICROSOFTEDGE_8WEKYB3D8BBWE\MICROSOFTEDGE.EXE
2022-07-24 15:26:51,\VOLUME{01d4de9e09d44c1a-b009e7a9}\WINDOWS\SYSTEM32\WBEM\MOFCOMP.EXE
2019-03-19 13:08:13,\VOLUME{01d4de9e09d44c1a-b009e7a9}\PROGRAM FILES\WINDOWS DEFENDER\MPCMDRUN.EXE
2022-07-24 15:26:51,\VOLUME{01d4de9e09d44c1a-b009e7a9}\PROGRAMDATA\MICROSOFT\WINDOWS DEFENDER\PLATFORM\4.18.1902.2-0\MPCMDRUN.EXE
2022-07-24 15:26:57,\VOLUME{01d4de9e09d44c1a-b009e7a9}\PROGRAMDATA\MICROSOFT\WINDOWS DEFENDER\PLATFORM\4.18.1902.2-0\MPCMDRUN.EXE
2022-07-24 15:26:46,\VOLUME{01d4de9e09d44c1a-b009e7a9}\PROGRAMDATA\MICROSOFT\WINDOWS DEFENDER\PLATFORM\4.18.1902.2-0\MPCMDRUN.EXE
2022-07-24 15:25:59,\VOLUME{01d4de9e09d44c1a-b009e7a9}\PROGRAMDATA\MICROSOFT\WINDOWS DEFENDER\PLATFORM\4.18.1902.2-0\MPCMDRUN.EXE
2022-07-24 15:25:59,\VOLUME{01d4de9e09d44c1a-b009e7a9}\PROGRAMDATA\MICROSOFT\WINDOWS DEFENDER\PLATFORM\4.18.1902.2-0\MPCMDRUN.EXE
2022-07-24 15:25:59,\VOLUME{01d4de9e09d44c1a-b009e7a9}\PROGRAMDATA\MICROSOFT\WINDOWS DEFENDER\PLATFORM\4.18.1902.2-0\MPCMDRUN.EXE
2022-07-24 15:25:59,\VOLUME{01d4de9e09d44c1a-b009e7a9}\PROGRAMDATA\MICROSOFT\WINDOWS DEFENDER\PLATFORM\4.18.1902.2-0\MPCMDRUN.EXE
2022-07-24 15:25:59,\VOLUME{01d4de9e09d44c1a-b009e7a9}\PROGRAMDATA\MICROSOFT\WINDOWS DEFENDER\PLATFORM\4.18.1902.2-0\MPCMDRUN.EXE
2022-07-25 05:08:59,\VOLUME{01d4de9e09d44c1a-b009e7a9}\PROGRAMDATA\MICROSOFT\WINDOWS DEFENDER\SCANS\MPPAYLOADDATA\MPENGINE.EXE
2019-03-19 13:08:12,\VOLUME{01d4de9e09d44c1a-b009e7a9}\USERS\IEUSER\APPDATA\LOCAL\TEMP\6792C904-1DF6-4AA9-AE27-AA4769FC0F51\MPSIGSTUB.EXE
2022-07-25 05:08:46,\VOLUME{01d4de9e09d44c1a-b009e7a9}\WINDOWS\SYSTEM32\MPSIGSTUB.EXE
2019-03-19 13:06:09,\VOLUME{01d4de9e09d44c1a-b009e7a9}\WINDOWS\SYSTEM32\MPSIGSTUB.EXE
2019-03-19 13:05:59,\VOLUME{01d4de9e09d44c1a-b009e7a9}\WINDOWS\SYSTEM32\MPSIGSTUB.EXE
2022-07-24 15:26:42,\VOLUME{01d4de9e09d44c1a-b009e7a9}\WINDOWS\TEMP\DD7CCE58-5166-458F-86D4-5F9B38ECCCFA\MPSIGSTUB.EXE
2022-07-25 05:08:46,\VOLUME{01d4de9e09d44c1a-b009e7a9}\WINDOWS\SOFTWAREDISTRIBUTION\DOWNLOAD\INSTALL\MPSIGSTUB.EXE
2019-03-19 13:05:59,\VOLUME{01d4de9e09d44c1a-b009e7a9}\WINDOWS\SOFTWAREDISTRIBUTION\DOWNLOAD\INSTALL\MPSIGSTUB.EXE
2019-03-19 13:04:45,\VOLUME{01d4de9e09d44c1a-b009e7a9}\WINDOWS\SYSTEM32\MRT.EXE
2022-07-25 05:09:44,\VOLUME{01d4de9e09d44c1a-b009e7a9}\WINDOWS\MICROSOFT.NET\FRAMEWORK64\V4.0.30319\MSCORSVW.EXE
2022-07-25 05:09:44,\VOLUME{01d4de9e09d44c1a-b009e7a9}\WINDOWS\MICROSOFT.NET\FRAMEWORK64\V4.0.30319\MSCORSVW.EXE
2022-07-25 05:09:44,\VOLUME{01d4de9e09d44c1a-b009e7a9}\WINDOWS\MICROSOFT.NET\FRAMEWORK64\V4.0.30319\MSCORSVW.EXE
2022-07-24 15:12:38,\VOLUME{01d4de9e09d44c1a-b009e7a9}\WINDOWS\MICROSOFT.NET\FRAMEWORK\V4.0.30319\MSCORSVW.EXE
2022-07-24 15:12:37,\VOLUME{01d4de9e09d44c1a-b009e7a9}\WINDOWS\MICROSOFT.NET\FRAMEWORK\V4.0.30319\MSCORSVW.EXE
2022-07-24 15:12:37,\VOLUME{01d4de9e09d44c1a-b009e7a9}\WINDOWS\MICROSOFT.NET\FRAMEWORK\V4.0.30319\MSCORSVW.EXE
2022-07-24 15:12:33,\VOLUME{01d4de9e09d44c1a-b009e7a9}\WINDOWS\MICROSOFT.NET\FRAMEWORK\V4.0.30319\MSCORSVW.EXE
2022-07-24 15:12:33,\VOLUME{01d4de9e09d44c1a-b009e7a9}\WINDOWS\MICROSOFT.NET\FRAMEWORK\V4.0.30319\MSCORSVW.EXE
2022-07-24 15:12:32,\VOLUME{01d4de9e09d44c1a-b009e7a9}\WINDOWS\MICROSOFT.NET\FRAMEWORK\V4.0.30319\MSCORSVW.EXE
2022-07-24 15:12:31,\VOLUME{01d4de9e09d44c1a-b009e7a9}\WINDOWS\MICROSOFT.NET\FRAMEWORK\V4.0.30319\MSCORSVW.EXE
2022-07-24 15:12:31,\VOLUME{01d4de9e09d44c1a-b009e7a9}\WINDOWS\MICROSOFT.NET\FRAMEWORK\V4.0.30319\MSCORSVW.EXE
2019-03-19 13:25:12,\VOLUME{01d4de9e09d44c1a-b009e7a9}\WINDOWS\SYSTEM32\MSDTC.EXE
2019-03-19 13:03:22,\VOLUME{01d4de9e09d44c1a-b009e7a9}\WINDOWS\INSTALLER\MSI1134.TMP
2019-03-19 13:03:06,\VOLUME{01d4de9e09d44c1a-b009e7a9}\WINDOWS\INSTALLER\MSID0FB.TMP
2019-03-19 13:03:06,\VOLUME{01d4de9e09d44c1a-b009e7a9}\WINDOWS\INSTALLER\MSID12B.TMP
2019-03-19 13:03:09,\VOLUME{01d4de9e09d44c1a-b009e7a9}\WINDOWS\INSTALLER\MSIDD42.TMP
2019-03-19 13:25:26,\VOLUME{01d4de9e09d44c1a-b009e7a9}\WINDOWS\SYSTEM32\MSIEXEC.EXE
2019-03-19 13:25:15,\VOLUME{01d4de9e09d44c1a-b009e7a9}\WINDOWS\SYSTEM32\MSIEXEC.EXE
2019-03-19 13:25:14,\VOLUME{01d4de9e09d44c1a-b009e7a9}\WINDOWS\SYSTEM32\MSIEXEC.EXE
2019-03-19 13:24:43,\VOLUME{01d4de9e09d44c1a-b009e7a9}\WINDOWS\SYSTEM32\MSIEXEC.EXE
2019-03-19 13:24:26,\VOLUME{01d4de9e09d44c1a-b009e7a9}\WINDOWS\SYSTEM32\MSIEXEC.EXE
2019-03-19 13:24:26,\VOLUME{01d4de9e09d44c1a-b009e7a9}\WINDOWS\SYSTEM32\MSIEXEC.EXE
2019-03-19 13:21:55,\VOLUME{01d4de9e09d44c1a-b009e7a9}\WINDOWS\SYSTEM32\MSIEXEC.EXE
2019-03-19 13:21:55,\VOLUME{01d4de9e09d44c1a-b009e7a9}\WINDOWS\SYSTEM32\MSIEXEC.EXE
2022-07-25 05:07:18,\VOLUME{01d4de9e09d44c1a-b009e7a9}\WINDOWS\SYSWOW64\MSIEXEC.EXE
2019-03-19 13:21:58,\VOLUME{01d4de9e09d44c1a-b009e7a9}\WINDOWS\SYSWOW64\MSIEXEC.EXE
2019-03-19 13:03:52,\VOLUME{01d4de9e09d44c1a-b009e7a9}\WINDOWS\SYSWOW64\MSIEXEC.EXE
2022-07-24 15:26:55,\VOLUME{01d4de9e09d44c1a-b009e7a9}\PROGRAMDATA\MICROSOFT\WINDOWS DEFENDER\PLATFORM\4.18.2205.7-0\MSMPENG.EXE
2022-07-24 15:26:48,\VOLUME{01d4de9e09d44c1a-b009e7a9}\PROGRAMDATA\MICROSOFT\WINDOWS DEFENDER\PLATFORM\4.18.1902.2-0\MSMPENG.EXE
2019-03-19 13:18:54,\VOLUME{01d4de9e09d44c1a-b009e7a9}\WINDOWS\SYSTEM32\MUSNOTIFICATIONUX.EXE
2022-07-24 15:13:55,\VOLUME{01d4de9e09d44c1a-b009e7a9}\WINDOWS\SYSTEM32\MUSNOTIFYICON.EXE
2022-07-24 15:13:55,\VOLUME{01d4de9e09d44c1a-b009e7a9}\WINDOWS\SYSTEM32\MUSNOTIFYICON.EXE
2022-07-25 05:09:09,\VOLUME{01d4de9e09d44c1a-b009e7a9}\WINDOWS\SYSTEM32\MUSNOTIFYICON.EXE
2019-03-19 13:20:48,\VOLUME{01d4de9e09d44c1a-b009e7a9}\WINDOWS\SYSTEM32\MUSNOTIFYICON.EXE
2019-03-19 13:20:48,\VOLUME{01d4de9e09d44c1a-b009e7a9}\WINDOWS\SYSTEM32\MUSNOTIFYICON.EXE
2019-03-19 13:20:48,\VOLUME{01d4de9e09d44c1a-b009e7a9}\WINDOWS\SYSTEM32\MUSNOTIFYICON.EXE
2019-03-19 13:18:54,\VOLUME{01d4de9e09d44c1a-b009e7a9}\WINDOWS\SYSTEM32\MUSNOTIFYICON.EXE
2019-03-19 13:17:30,\VOLUME{01d4de9e09d44c1a-b009e7a9}\WINDOWS\SYSTEM32\MUSNOTIFYICON.EXE
2022-07-24 15:22:25,\VOLUME{01d4de9e09d44c1a-b009e7a9}\WINDOWS\SYSTEM32\NET.EXE
2022-07-24 15:22:25,\VOLUME{01d4de9e09d44c1a-b009e7a9}\WINDOWS\SYSTEM32\NET.EXE
2022-07-24 15:22:25,\VOLUME{01d4de9e09d44c1a-b009e7a9}\WINDOWS\SYSTEM32\NET.EXE
2019-03-19 13:25:29,\VOLUME{01d4de9e09d44c1a-b009e7a9}\WINDOWS\SYSTEM32\NET.EXE
2019-03-19 13:25:27,\VOLUME{01d4de9e09d44c1a-b009e7a9}\WINDOWS\SYSTEM32\NET.EXE
2019-03-19 13:00:51,\VOLUME{01d4de9e09d44c1a-b009e7a9}\WINDOWS\SYSTEM32\NET.EXE
2019-03-19 13:00:43,\VOLUME{01d4de9e09d44c1a-b009e7a9}\WINDOWS\SYSTEM32\NET.EXE
2022-07-24 15:22:25,\VOLUME{01d4de9e09d44c1a-b009e7a9}\WINDOWS\SYSTEM32\NET1.EXE
2022-07-24 15:22:25,\VOLUME{01d4de9e09d44c1a-b009e7a9}\WINDOWS\SYSTEM32\NET1.EXE
2022-07-24 15:22:25,\VOLUME{01d4de9e09d44c1a-b009e7a9}\WINDOWS\SYSTEM32\NET1.EXE
2019-03-19 13:25:29,\VOLUME{01d4de9e09d44c1a-b009e7a9}\WINDOWS\SYSTEM32\NET1.EXE
2019-03-19 13:25:27,\VOLUME{01d4de9e09d44c1a-b009e7a9}\WINDOWS\SYSTEM32\NET1.EXE
2019-03-19 13:00:43,\VOLUME{01d4de9e09d44c1a-b009e7a9}\WINDOWS\SYSTEM32\NET1.EXE
2022-07-24 15:12:40,\VOLUME{01d4de9e09d44c1a-b009e7a9}\WINDOWS\MICROSOFT.NET\FRAMEWORK\V4.0.30319\NGEN.EXE
2022-07-24 15:12:40,\VOLUME{01d4de9e09d44c1a-b009e7a9}\WINDOWS\MICROSOFT.NET\FRAMEWORK\V4.0.30319\NGEN.EXE
2022-07-24 15:12:39,\VOLUME{01d4de9e09d44c1a-b009e7a9}\WINDOWS\MICROSOFT.NET\FRAMEWORK\V4.0.30319\NGEN.EXE
2022-07-24 15:12:39,\VOLUME{01d4de9e09d44c1a-b009e7a9}\WINDOWS\MICROSOFT.NET\FRAMEWORK\V4.0.30319\NGEN.EXE
2022-07-24 15:12:39,\VOLUME{01d4de9e09d44c1a-b009e7a9}\WINDOWS\MICROSOFT.NET\FRAMEWORK\V4.0.30319\NGEN.EXE
2022-07-24 15:12:39,\VOLUME{01d4de9e09d44c1a-b009e7a9}\WINDOWS\MICROSOFT.NET\FRAMEWORK\V4.0.30319\NGEN.EXE
2022-07-24 15:12:39,\VOLUME{01d4de9e09d44c1a-b009e7a9}\WINDOWS\MICROSOFT.NET\FRAMEWORK\V4.0.30319\NGEN.EXE
2022-07-24 15:12:39,\VOLUME{01d4de9e09d44c1a-b009e7a9}\WINDOWS\MICROSOFT.NET\FRAMEWORK\V4.0.30319\NGEN.EXE
2022-07-24 15:12:40,\VOLUME{01d4de9e09d44c1a-b009e7a9}\WINDOWS\MICROSOFT.NET\FRAMEWORK64\V4.0.30319\NGEN.EXE
2022-07-24 15:12:39,\VOLUME{01d4de9e09d44c1a-b009e7a9}\WINDOWS\MICROSOFT.NET\FRAMEWORK64\V4.0.30319\NGEN.EXE
2022-07-24 15:12:39,\VOLUME{01d4de9e09d44c1a-b009e7a9}\WINDOWS\MICROSOFT.NET\FRAMEWORK64\V4.0.30319\NGEN.EXE
2022-07-24 15:12:39,\VOLUME{01d4de9e09d44c1a-b009e7a9}\WINDOWS\MICROSOFT.NET\FRAMEWORK64\V4.0.30319\NGEN.EXE
2022-07-24 15:12:39,\VOLUME{01d4de9e09d44c1a-b009e7a9}\WINDOWS\MICROSOFT.NET\FRAMEWORK64\V4.0.30319\NGEN.EXE
2022-07-24 15:12:39,\VOLUME{01d4de9e09d44c1a-b009e7a9}\WINDOWS\MICROSOFT.NET\FRAMEWORK64\V4.0.30319\NGEN.EXE
2022-07-24 15:12:39,\VOLUME{01d4de9e09d44c1a-b009e7a9}\WINDOWS\MICROSOFT.NET\FRAMEWORK64\V4.0.30319\NGEN.EXE
2022-07-24 15:12:39,\VOLUME{01d4de9e09d44c1a-b009e7a9}\WINDOWS\MICROSOFT.NET\FRAMEWORK64\V4.0.30319\NGEN.EXE
2022-07-24 15:27:03,\VOLUME{01d4de9e09d44c1a-b009e7a9}\PROGRAMDATA\MICROSOFT\WINDOWS DEFENDER\PLATFORM\4.18.2205.7-0\NISSRV.EXE
2022-07-24 15:22:47,\VOLUME{01d4de9e09d44c1a-b009e7a9}\WINDOWS\SYSTEM32\NOTEPAD.EXE
2022-07-24 15:16:16,\VOLUME{01d4de9e09d44c1a-b009e7a9}\USERS\IEUSER\APPDATA\LOCAL\MICROSOFT\ONEDRIVE\ONEDRIVE.EXE
2022-07-24 15:11:57,\VOLUME{01d4de9e09d44c1a-b009e7a9}\USERS\IEUSER\APPDATA\LOCAL\MICROSOFT\ONEDRIVE\ONEDRIVE.EXE
2022-07-25 05:08:33,\VOLUME{01d4de9e09d44c1a-b009e7a9}\USERS\IEUSER\APPDATA\LOCAL\MICROSOFT\ONEDRIVE\ONEDRIVE.EXE
2019-03-19 13:21:30,\VOLUME{01d4de9e09d44c1a-b009e7a9}\USERS\IEUSER\APPDATA\LOCAL\MICROSOFT\ONEDRIVE\ONEDRIVE.EXE
2019-03-19 13:04:53,\VOLUME{01d4de9e09d44c1a-b009e7a9}\USERS\IEUSER\APPDATA\LOCAL\MICROSOFT\ONEDRIVE\ONEDRIVE.EXE
2022-07-24 15:11:40,ONEDRIVESETUP.EXE
2022-07-25 05:07:41,ONEDRIVESETUP.EXE
2022-07-25 05:07:43,ONEDRIVESETUP.EXE
2019-03-19 13:05:17,ONEDRIVESETUP.EXE
2019-03-19 13:05:10,ONEDRIVESETUP.EXE
2019-03-19 13:01:42,ONEDRIVESETUP.EXE
2022-07-25 05:08:22,Op-EXPLORER.EXE-7A3328DA
2019-03-19 13:29:56,\VOLUME{01d4de9e09d44c1a-b009e7a9}\WINDOWS\SYSTEM32\POQEXEC.EXE
2019-03-19 13:19:04,\VOLUME{01d4de9e09d44c1a-b009e7a9}\WINDOWS\SYSTEM32\POQEXEC.EXE
2019-03-19 13:06:33,\VOLUME{01d4de9e09d44c1a-b009e7a9}\WINDOWS\SYSTEM32\POQEXEC.EXE
2019-03-19 13:00:16,\VOLUME{01d4de9e09d44c1a-b009e7a9}\WINDOWS\SYSWOW64\WINDOWSPOWERSHELL\V1.0\POWERSHELL.EXE
2022-07-24 15:25:20,\VOLUME{01d4de9e09d44c1a-b009e7a9}\WINDOWS\SYSTEM32\WINDOWSPOWERSHELL\V1.0\POWERSHELL.EXE
2022-07-24 15:22:28,\VOLUME{01d4de9e09d44c1a-b009e7a9}\WINDOWS\SYSTEM32\WINDOWSPOWERSHELL\V1.0\POWERSHELL.EXE
2022-07-24 15:22:18,\VOLUME{01d4de9e09d44c1a-b009e7a9}\WINDOWS\SYSTEM32\WINDOWSPOWERSHELL\V1.0\POWERSHELL.EXE
2022-07-24 15:18:39,\VOLUME{01d4de9e09d44c1a-b009e7a9}\WINDOWS\SYSTEM32\WINDOWSPOWERSHELL\V1.0\POWERSHELL.EXE
2019-03-19 13:25:23,\VOLUME{01d4de9e09d44c1a-b009e7a9}\WINDOWS\SYSTEM32\WINDOWSPOWERSHELL\V1.0\POWERSHELL.EXE
2019-03-19 13:25:16,\VOLUME{01d4de9e09d44c1a-b009e7a9}\WINDOWS\SYSTEM32\WINDOWSPOWERSHELL\V1.0\POWERSHELL.EXE
2019-03-19 13:24:17,\VOLUME{01d4de9e09d44c1a-b009e7a9}\WINDOWS\SYSTEM32\WINDOWSPOWERSHELL\V1.0\POWERSHELL.EXE
2019-03-19 13:20:23,\VOLUME{01d4de9e09d44c1a-b009e7a9}\WINDOWS\SYSTEM32\WINDOWSPOWERSHELL\V1.0\POWERSHELL.EXE
2022-07-25 05:07:18,\VOLUME{01d4de9e09d44c1a-b009e7a9}\WINDOWS\SYSTEM32\PRINTUI.EXE
2022-07-25 05:07:17,\VOLUME{01d4de9e09d44c1a-b009e7a9}\WINDOWS\SYSTEM32\PRINTUI.EXE
2022-07-25 05:07:16,\VOLUME{01d4de9e09d44c1a-b009e7a9}\WINDOWS\SYSTEM32\PRINTUI.EXE
2019-03-19 13:24:53,\VOLUME{01d4de9e09d44c1a-b009e7a9}\WINDOWS\SYSTEM32\PRINTUI.EXE
2019-03-19 13:24:51,\VOLUME{01d4de9e09d44c1a-b009e7a9}\WINDOWS\SYSTEM32\PRINTUI.EXE
2022-07-24 15:22:30,\VOLUME{01d4de9e09d44c1a-b009e7a9}\WINDOWS\SYSTEM32\REG.EXE
2019-03-19 13:28:16,\VOLUME{01d4de9e09d44c1a-b009e7a9}\WINDOWS\SYSTEM32\REG.EXE
2019-03-19 13:00:50,\VOLUME{01d4de9e09d44c1a-b009e7a9}\WINDOWS\SYSTEM32\REG.EXE
2019-03-19 13:00:50,\VOLUME{01d4de9e09d44c1a-b009e7a9}\WINDOWS\SYSTEM32\REG.EXE
2019-03-19 13:00:36,\VOLUME{01d4de9e09d44c1a-b009e7a9}\WINDOWS\SYSTEM32\REG.EXE
2019-03-19 13:00:36,\VOLUME{01d4de9e09d44c1a-b009e7a9}\WINDOWS\SYSTEM32\REG.EXE
2019-03-19 13:00:35,\VOLUME{01d4de9e09d44c1a-b009e7a9}\WINDOWS\SYSTEM32\REG.EXE
2019-03-19 13:00:34,\VOLUME{01d4de9e09d44c1a-b009e7a9}\WINDOWS\SYSTEM32\REG.EXE
2019-03-19 12:59:55,\VOLUME{01d4de9e09d44c1a-b009e7a9}\WINDOWS\SYSTEM32\REGSVR32.EXE
2019-03-19 12:59:56,\VOLUME{01d4de9e09d44c1a-b009e7a9}\WINDOWS\SYSWOW64\REGSVR32.EXE
2022-07-24 15:16:01,\VOLUME{01d4de9e09d44c1a-b009e7a9}\PROGRAM FILES\PUPPET LABS\PUPPET\SYS\RUBY\BIN\RUBY.EXE
2022-07-24 15:10:56,\VOLUME{01d4de9e09d44c1a-b009e7a9}\PROGRAM FILES\PUPPET LABS\PUPPET\SYS\RUBY\BIN\RUBY.EXE
2019-03-19 13:23:01,\VOLUME{01d4de9e09d44c1a-b009e7a9}\PROGRAM FILES\PUPPET LABS\PUPPET\SYS\RUBY\BIN\RUBY.EXE
2019-03-19 13:00:11,\VOLUME{01d4de9e09d44c1a-b009e7a9}\WINDOWS\SYSTEM32\RUNDLL32.EXE
2022-07-25 05:08:56,\VOLUME{01d4de9e09d44c1a-b009e7a9}\WINDOWS\SYSTEM32\RUNDLL32.EXE
2022-07-25 05:07:17,\VOLUME{01d4de9e09d44c1a-b009e7a9}\WINDOWS\SYSTEM32\RUNDLL32.EXE
2019-03-19 13:03:53,\VOLUME{01d4de9e09d44c1a-b009e7a9}\WINDOWS\SYSTEM32\RUNDLL32.EXE
2019-03-19 13:25:13,\VOLUME{01d4de9e09d44c1a-b009e7a9}\WINDOWS\SYSTEM32\RUNDLL32.EXE
2019-03-19 13:25:13,\VOLUME{01d4de9e09d44c1a-b009e7a9}\WINDOWS\SYSTEM32\RUNDLL32.EXE
2022-07-24 15:12:27,\VOLUME{01d4de9e09d44c1a-b009e7a9}\WINDOWS\SYSTEM32\RUNDLL32.EXE
2022-07-24 15:12:12,\VOLUME{01d4de9e09d44c1a-b009e7a9}\WINDOWS\SYSTEM32\RUNDLL32.EXE
2022-07-25 05:08:49,\VOLUME{01d4de9e09d44c1a-b009e7a9}\WINDOWS\SYSTEM32\RUNDLL32.EXE
2019-03-19 13:03:53,\VOLUME{01d4de9e09d44c1a-b009e7a9}\WINDOWS\SYSWOW64\RUNDLL32.EXE
2019-03-19 13:03:53,\VOLUME{01d4de9e09d44c1a-b009e7a9}\WINDOWS\SYSTEM32\RUNDLL32.EXE
2022-07-25 05:09:18,\VOLUME{01d4de9e09d44c1a-b009e7a9}\WINDOWS\SYSTEM32\RUNDLL32.EXE
2022-07-24 15:17:21,\VOLUME{01d4de9e09d44c1a-b009e7a9}\WINDOWS\SYSTEM32\RUNDLL32.EXE
2022-07-25 05:09:18,\VOLUME{01d4de9e09d44c1a-b009e7a9}\WINDOWS\SYSTEM32\RUNDLL32.EXE
2019-03-19 13:03:53,\VOLUME{01d4de9e09d44c1a-b009e7a9}\WINDOWS\SYSWOW64\RUNDLL32.EXE
2022-07-24 15:33:50,\VOLUME{01d4de9e09d44c1a-b009e7a9}\WINDOWS\SYSTEM32\RUNDLL32.EXE
2022-07-24 15:32:22,\VOLUME{01d4de9e09d44c1a-b009e7a9}\WINDOWS\SYSTEM32\RUNDLL32.EXE
2022-07-24 15:21:36,\VOLUME{01d4de9e09d44c1a-b009e7a9}\WINDOWS\SYSTEM32\RUNDLL32.EXE
2022-07-24 15:21:09,\VOLUME{01d4de9e09d44c1a-b009e7a9}\WINDOWS\SYSTEM32\RUNDLL32.EXE
2022-07-24 15:20:54,\VOLUME{01d4de9e09d44c1a-b009e7a9}\WINDOWS\SYSTEM32\RUNDLL32.EXE
2022-07-24 15:20:13,\VOLUME{01d4de9e09d44c1a-b009e7a9}\WINDOWS\SYSTEM32\RUNDLL32.EXE
2019-03-19 13:04:28,\VOLUME{01d4de9e09d44c1a-b009e7a9}\WINDOWS\SYSTEM32\RUNDLL32.EXE
2019-03-19 13:03:48,\VOLUME{01d4de9e09d44c1a-b009e7a9}\WINDOWS\SYSTEM32\RUNDLL32.EXE
2022-07-24 15:32:41,\VOLUME{01d4de9e09d44c1a-b009e7a9}\WINDOWS\SYSTEM32\RUNTIMEBROKER.EXE
2022-07-25 05:07:28,\VOLUME{01d4de9e09d44c1a-b009e7a9}\WINDOWS\SYSTEM32\RUNTIMEBROKER.EXE
2019-03-19 13:05:07,\VOLUME{01d4de9e09d44c1a-b009e7a9}\WINDOWS\SYSTEM32\RUNTIMEBROKER.EXE
2022-07-24 15:33:52,\VOLUME{01d4de9e09d44c1a-b009e7a9}\WINDOWS\SYSTEM32\RUNTIMEBROKER.EXE
2019-03-19 13:01:33,\VOLUME{01d4de9e09d44c1a-b009e7a9}\WINDOWS\SYSTEM32\RUNTIMEBROKER.EXE
2019-03-19 13:05:02,\VOLUME{01d4de9e09d44c1a-b009e7a9}\WINDOWS\SYSTEM32\RUNTIMEBROKER.EXE
2022-07-25 05:06:10,\VOLUME{01d4de9e09d44c1a-b009e7a9}\WINDOWS\SYSTEM32\RUNTIMEBROKER.EXE
2019-03-19 13:20:09,\VOLUME{01d4de9e09d44c1a-b009e7a9}\WINDOWS\SYSTEM32\RUNTIMEBROKER.EXE
2019-03-19 13:07:06,\VOLUME{01d4de9e09d44c1a-b009e7a9}\WINDOWS\SYSTEM32\RUNTIMEBROKER.EXE
2019-03-19 13:01:23,\VOLUME{01d4de9e09d44c1a-b009e7a9}\WINDOWS\SYSTEM32\RUNTIMEBROKER.EXE
2019-03-19 13:00:30,\VOLUME{01d4de9e09d44c1a-b009e7a9}\WINDOWS\SYSTEM32\RUNTIMEBROKER.EXE
2022-07-24 15:20:13,\VOLUME{01d4de9e09d44c1a-b009e7a9}\WINDOWS\SYSTEM32\RUNTIMEBROKER.EXE
2019-03-19 13:05:28,\VOLUME{01d4de9e09d44c1a-b009e7a9}\WINDOWS\SYSTEM32\RUNTIMEBROKER.EXE
2019-03-19 13:05:29,\VOLUME{01d4de9e09d44c1a-b009e7a9}\WINDOWS\SYSTEM32\RUNTIMEBROKER.EXE
2022-07-25 05:06:09,\VOLUME{01d4de9e09d44c1a-b009e7a9}\WINDOWS\SYSTEM32\RUNTIMEBROKER.EXE
2019-03-19 13:22:49,\VOLUME{01d4de9e09d44c1a-b009e7a9}\WINDOWS\SYSTEM32\RUNTIMEBROKER.EXE
2019-03-19 13:20:09,\VOLUME{01d4de9e09d44c1a-b009e7a9}\WINDOWS\SYSTEM32\RUNTIMEBROKER.EXE
2019-03-19 13:00:30,\VOLUME{01d4de9e09d44c1a-b009e7a9}\WINDOWS\SYSTEM32\RUNTIMEBROKER.EXE
2022-07-24 15:34:58,\VOLUME{01d4de9e09d44c1a-b009e7a9}\WINDOWS\SYSTEM32\RUNTIMEBROKER.EXE
2019-03-19 13:04:53,\VOLUME{01d4de9e09d44c1a-b009e7a9}\WINDOWS\SYSTEM32\RUNTIMEBROKER.EXE
2022-07-24 15:22:03,\VOLUME{01d4de9e09d44c1a-b009e7a9}\WINDOWS\SYSTEM32\RUNTIMEBROKER.EXE
2022-07-24 15:18:33,\VOLUME{01d4de9e09d44c1a-b009e7a9}\WINDOWS\SYSTEM32\RUNTIMEBROKER.EXE
2022-07-24 15:13:35,\VOLUME{01d4de9e09d44c1a-b009e7a9}\WINDOWS\SYSTEM32\RUNTIMEBROKER.EXE
2019-03-19 13:18:52,\VOLUME{01d4de9e09d44c1a-b009e7a9}\WINDOWS\SYSTEM32\RUNTIMEBROKER.EXE
2019-03-19 13:08:21,\VOLUME{01d4de9e09d44c1a-b009e7a9}\WINDOWS\SYSTEM32\RUNTIMEBROKER.EXE
2019-03-19 13:01:32,\VOLUME{01d4de9e09d44c1a-b009e7a9}\WINDOWS\SYSTEM32\RUNTIMEBROKER.EXE
2022-07-24 16:45:07,\VOLUME{01d4de9e09d44c1a-b009e7a9}\WINDOWS\SYSTEM32\RUNTIMEBROKER.EXE
2022-07-24 16:45:07,\VOLUME{01d4de9e09d44c1a-b009e7a9}\WINDOWS\SYSTEM32\RUNTIMEBROKER.EXE
2022-07-24 16:45:06,\VOLUME{01d4de9e09d44c1a-b009e7a9}\WINDOWS\SYSTEM32\RUNTIMEBROKER.EXE
2022-07-25 05:06:18,\VOLUME{01d4de9e09d44c1a-b009e7a9}\WINDOWS\SYSTEM32\RUNTIMEBROKER.EXE
2019-03-19 13:22:55,\VOLUME{01d4de9e09d44c1a-b009e7a9}\WINDOWS\SYSTEM32\RUNTIMEBROKER.EXE
2019-03-19 13:22:15,\VOLUME{01d4de9e09d44c1a-b009e7a9}\WINDOWS\SYSTEM32\RUNTIMEBROKER.EXE
2019-03-19 13:20:19,\VOLUME{01d4de9e09d44c1a-b009e7a9}\WINDOWS\SYSTEM32\RUNTIMEBROKER.EXE
2019-03-19 13:07:16,\VOLUME{01d4de9e09d44c1a-b009e7a9}\WINDOWS\SYSTEM32\RUNTIMEBROKER.EXE
2022-07-25 05:07:26,\VOLUME{01d4de9e09d44c1a-b009e7a9}\WINDOWS\SYSTEM32\RUNTIMEBROKER.EXE
2019-03-19 13:05:13,\VOLUME{01d4de9e09d44c1a-b009e7a9}\WINDOWS\SYSTEM32\RUNTIMEBROKER.EXE
2022-07-24 16:45:07,\VOLUME{01d4de9e09d44c1a-b009e7a9}\WINDOWS\SYSTEM32\RUNTIMEBROKER.EXE
2022-07-24 15:28:00,\VOLUME{01d4de9e09d44c1a-b009e7a9}\WINDOWS\SYSTEM32\RUNTIMEBROKER.EXE
2022-07-24 15:23:50,\VOLUME{01d4de9e09d44c1a-b009e7a9}\WINDOWS\SYSTEM32\RUNTIMEBROKER.EXE
2022-07-24 15:20:54,\VOLUME{01d4de9e09d44c1a-b009e7a9}\WINDOWS\SYSTEM32\RUNTIMEBROKER.EXE
2022-07-24 15:18:31,\VOLUME{01d4de9e09d44c1a-b009e7a9}\WINDOWS\SYSTEM32\RUNTIMEBROKER.EXE
2022-07-24 15:15:03,\VOLUME{01d4de9e09d44c1a-b009e7a9}\WINDOWS\SYSTEM32\RUNTIMEBROKER.EXE
2022-07-24 15:13:36,\VOLUME{01d4de9e09d44c1a-b009e7a9}\WINDOWS\SYSTEM32\RUNTIMEBROKER.EXE
2019-03-19 13:27:44,\VOLUME{01d4de9e09d44c1a-b009e7a9}\WINDOWS\SYSTEM32\RUNTIMEBROKER.EXE
2022-07-24 15:14:17,\VOLUME{01d4de9e09d44c1a-b009e7a9}\WINDOWS\SYSTEM32\RUNTIMEBROKER.EXE
2022-07-25 05:06:21,\VOLUME{01d4de9e09d44c1a-b009e7a9}\WINDOWS\SYSTEM32\RUNTIMEBROKER.EXE
2019-03-19 13:04:51,\VOLUME{01d4de9e09d44c1a-b009e7a9}\WINDOWS\SYSTEM32\RUNTIMEBROKER.EXE
2022-07-24 15:12:06,\VOLUME{01d4de9e09d44c1a-b009e7a9}\WINDOWS\SYSTEM32\RUNTIMEBROKER.EXE
2019-03-19 13:04:44,\VOLUME{01d4de9e09d44c1a-b009e7a9}\WINDOWS\SYSTEM32\RUNTIMEBROKER.EXE
2022-07-24 15:12:01,\VOLUME{01d4de9e09d44c1a-b009e7a9}\WINDOWS\SYSTEM32\RUNTIMEBROKER.EXE
2022-07-24 15:35:23,\VOLUME{01d4de9e09d44c1a-b009e7a9}\WINDOWS\SYSTEM32\RUNTIMEBROKER.EXE
2022-07-24 15:22:43,\VOLUME{01d4de9e09d44c1a-b009e7a9}\WINDOWS\SYSTEM32\SC.EXE
2022-07-24 15:22:43,\VOLUME{01d4de9e09d44c1a-b009e7a9}\WINDOWS\SYSTEM32\SC.EXE
2022-07-24 15:19:06,\VOLUME{01d4de9e09d44c1a-b009e7a9}\WINDOWS\SYSTEM32\SC.EXE
2022-07-24 15:22:40,\VOLUME{01d4de9e09d44c1a-b009e7a9}\WINDOWS\SYSTEM32\SCHTASKS.EXE
2022-07-24 15:22:40,\VOLUME{01d4de9e09d44c1a-b009e7a9}\WINDOWS\SYSTEM32\SCHTASKS.EXE
2019-03-19 13:29:24,\VOLUME{01d4de9e09d44c1a-b009e7a9}\WINDOWS\SYSTEM32\OPENSSH\SCP.EXE
2019-03-19 13:29:23,\VOLUME{01d4de9e09d44c1a-b009e7a9}\WINDOWS\SYSTEM32\OPENSSH\SCP.EXE
2019-03-19 13:25:15,\VOLUME{01d4de9e09d44c1a-b009e7a9}\WINDOWS\SYSTEM32\OPENSSH\SCP.EXE
2019-03-19 13:24:17,\VOLUME{01d4de9e09d44c1a-b009e7a9}\WINDOWS\SYSTEM32\OPENSSH\SCP.EXE
2019-03-19 13:24:06,\VOLUME{01d4de9e09d44c1a-b009e7a9}\WINDOWS\SYSTEM32\OPENSSH\SCP.EXE
2019-03-19 13:28:16,\VOLUME{01d4de9e09d44c1a-b009e7a9}\WINDOWS\TEMP\SDELETE.EXE
2022-07-25 05:06:39,\VOLUME{01d4de9e09d44c1a-b009e7a9}\WINDOWS\SYSTEM32\SEARCHFILTERHOST.EXE
2019-03-19 13:25:18,\VOLUME{01d4de9e09d44c1a-b009e7a9}\WINDOWS\SYSTEM32\SEARCHFILTERHOST.EXE
2019-03-19 13:18:56,\VOLUME{01d4de9e09d44c1a-b009e7a9}\WINDOWS\SYSTEM32\SEARCHFILTERHOST.EXE
2019-03-19 13:15:24,\VOLUME{01d4de9e09d44c1a-b009e7a9}\WINDOWS\SYSTEM32\SEARCHFILTERHOST.EXE
2019-03-19 13:03:31,\VOLUME{01d4de9e09d44c1a-b009e7a9}\WINDOWS\SYSTEM32\SEARCHFILTERHOST.EXE
2019-03-19 12:59:41,\VOLUME{01d4de9e09d44c1a-b009e7a9}\WINDOWS\SYSTEM32\SEARCHFILTERHOST.EXE
2019-03-19 13:22:57,\VOLUME{01d4de9e09d44c1a-b009e7a9}\WINDOWS\SYSTEM32\SEARCHINDEXER.EXE
2022-07-24 15:33:09,\VOLUME{01d4de9e09d44c1a-b009e7a9}\WINDOWS\SYSTEM32\SEARCHPROTOCOLHOST.EXE
2022-07-24 15:20:07,\VOLUME{01d4de9e09d44c1a-b009e7a9}\WINDOWS\SYSTEM32\SEARCHPROTOCOLHOST.EXE
2022-07-24 15:14:20,\VOLUME{01d4de9e09d44c1a-b009e7a9}\WINDOWS\SYSTEM32\SEARCHPROTOCOLHOST.EXE
2019-03-19 13:20:10,\VOLUME{01d4de9e09d44c1a-b009e7a9}\WINDOWS\SYSTEM32\SEARCHPROTOCOLHOST.EXE
2019-03-19 13:18:56,\VOLUME{01d4de9e09d44c1a-b009e7a9}\WINDOWS\SYSTEM32\SEARCHPROTOCOLHOST.EXE
2019-03-19 13:15:24,\VOLUME{01d4de9e09d44c1a-b009e7a9}\WINDOWS\SYSTEM32\SEARCHPROTOCOLHOST.EXE
2019-03-19 13:01:35,\VOLUME{01d4de9e09d44c1a-b009e7a9}\WINDOWS\SYSTEM32\SEARCHPROTOCOLHOST.EXE
2022-07-24 15:10:36,\VOLUME{01d4de9e09d44c1a-b009e7a9}\WINDOWS\SYSTEMAPPS\MICROSOFT.WINDOWS.CORTANA_CW5N1H2TXYEWY\SEARCHUI.EXE
2019-03-19 13:22:48,\VOLUME{01d4de9e09d44c1a-b009e7a9}\WINDOWS\SYSTEMAPPS\MICROSOFT.WINDOWS.CORTANA_CW5N1H2TXYEWY\SEARCHUI.EXE
2019-03-19 13:20:09,\VOLUME{01d4de9e09d44c1a-b009e7a9}\WINDOWS\SYSTEMAPPS\MICROSOFT.WINDOWS.CORTANA_CW5N1H2TXYEWY\SEARCHUI.EXE
2019-03-19 13:00:29,\VOLUME{01d4de9e09d44c1a-b009e7a9}\WINDOWS\SYSTEMAPPS\MICROSOFT.WINDOWS.CORTANA_CW5N1H2TXYEWY\SEARCHUI.EXE
2022-07-24 15:20:17,\VOLUME{01d4de9e09d44c1a-b009e7a9}\WINDOWS\SYSTEMAPPS\MICROSOFT.WINDOWS.SECHEALTHUI_CW5N1H2TXYEWY\SECHEALTHUI.EXE
2022-07-24 15:16:24,\VOLUME{01d4de9e09d44c1a-b009e7a9}\WINDOWS\SYSTEMAPPS\MICROSOFT.WINDOWS.SECHEALTHUI_CW5N1H2TXYEWY\SECHEALTHUI.EXE
2022-07-24 15:14:04,\VOLUME{01d4de9e09d44c1a-b009e7a9}\WINDOWS\SYSTEMAPPS\MICROSOFT.WINDOWS.SECHEALTHUI_CW5N1H2TXYEWY\SECHEALTHUI.EXE
2022-07-25 05:07:56,\VOLUME{01d4de9e09d44c1a-b009e7a9}\WINDOWS\SYSTEM32\SECURITYHEALTHSERVICE.EXE
2019-03-19 13:21:29,\VOLUME{01d4de9e09d44c1a-b009e7a9}\WINDOWS\SYSTEM32\SECURITYHEALTHSERVICE.EXE
2019-03-19 13:20:22,\VOLUME{01d4de9e09d44c1a-b009e7a9}\WINDOWS\SYSTEM32\SECURITYHEALTHSERVICE.EXE
2019-03-19 13:12:26,\VOLUME{01d4de9e09d44c1a-b009e7a9}\WINDOWS\SYSTEM32\SECURITYHEALTHSERVICE.EXE
2019-03-19 13:07:19,\VOLUME{01d4de9e09d44c1a-b009e7a9}\WINDOWS\SYSTEM32\SECURITYHEALTHSERVICE.EXE
2019-03-19 13:01:36,\VOLUME{01d4de9e09d44c1a-b009e7a9}\WINDOWS\SYSTEM32\SECURITYHEALTHSERVICE.EXE
2022-07-25 05:06:24,\VOLUME{01d4de9e09d44c1a-b009e7a9}\WINDOWS\SYSTEM32\SECURITYHEALTHSYSTRAY.EXE
2019-03-19 13:23:03,\VOLUME{01d4de9e09d44c1a-b009e7a9}\WINDOWS\SYSTEM32\SECURITYHEALTHSYSTRAY.EXE
2019-03-19 13:21:29,\VOLUME{01d4de9e09d44c1a-b009e7a9}\WINDOWS\SYSTEM32\SECURITYHEALTHSYSTRAY.EXE
2019-03-19 13:20:22,\VOLUME{01d4de9e09d44c1a-b009e7a9}\WINDOWS\SYSTEM32\SECURITYHEALTHSYSTRAY.EXE
2019-03-19 13:12:26,\VOLUME{01d4de9e09d44c1a-b009e7a9}\WINDOWS\SYSTEM32\SECURITYHEALTHSYSTRAY.EXE
2019-03-19 13:07:19,\VOLUME{01d4de9e09d44c1a-b009e7a9}\WINDOWS\SYSTEM32\SECURITYHEALTHSYSTRAY.EXE
2019-03-19 13:01:36,\VOLUME{01d4de9e09d44c1a-b009e7a9}\WINDOWS\SYSTEM32\SECURITYHEALTHSYSTRAY.EXE
2019-03-19 13:01:23,\VOLUME{01d4de9e09d44c1a-b009e7a9}\WINDOWS\SYSTEM32\SETTINGSYNCHOST.EXE
2019-03-19 13:24:29,\VOLUME{01d4de9e09d44c1a-b009e7a9}\WINDOWS\TEMP\VMWARE\SETUP.EXE
2019-03-19 13:24:29,SETUP64.EXE
2019-03-19 13:21:36,\VOLUME{01d4de9e09d44c1a-b009e7a9}\WINDOWS\SYSTEM32\SETX.EXE
2022-07-24 15:17:47,\VOLUME{01d4de9e09d44c1a-b009e7a9}\WINDOWS\SYSTEM32\SGRMBROKER.EXE
2022-07-24 15:12:30,\VOLUME{01d4de9e09d44c1a-b009e7a9}\WINDOWS\SYSTEM32\SGRMBROKER.EXE
2019-03-19 13:24:43,\VOLUME{01d4de9e09d44c1a-b009e7a9}\WINDOWS\SYSTEM32\SGRMBROKER.EXE
2019-03-19 13:14:10,\VOLUME{01d4de9e09d44c1a-b009e7a9}\WINDOWS\SYSTEM32\SGRMBROKER.EXE
2019-03-19 13:08:59,\VOLUME{01d4de9e09d44c1a-b009e7a9}\WINDOWS\SYSTEM32\SGRMBROKER.EXE
2019-03-19 13:03:23,\VOLUME{01d4de9e09d44c1a-b009e7a9}\WINDOWS\SYSTEM32\SGRMBROKER.EXE
2022-07-24 15:10:35,\VOLUME{01d4de9e09d44c1a-b009e7a9}\WINDOWS\SYSTEMAPPS\SHELLEXPERIENCEHOST_CW5N1H2TXYEWY\SHELLEXPERIENCEHOST.EXE
2019-03-19 13:20:09,\VOLUME{01d4de9e09d44c1a-b009e7a9}\WINDOWS\SYSTEMAPPS\SHELLEXPERIENCEHOST_CW5N1H2TXYEWY\SHELLEXPERIENCEHOST.EXE
2019-03-19 13:00:29,\VOLUME{01d4de9e09d44c1a-b009e7a9}\WINDOWS\SYSTEMAPPS\SHELLEXPERIENCEHOST_CW5N1H2TXYEWY\SHELLEXPERIENCEHOST.EXE
2019-03-19 13:29:25,\VOLUME{01d4de9e09d44c1a-b009e7a9}\WINDOWS\SYSTEM32\SHUTDOWN.EXE
2019-03-19 13:22:17,\VOLUME{01d4de9e09d44c1a-b009e7a9}\WINDOWS\SYSTEM32\SHUTDOWN.EXE
2019-03-19 13:03:01,\VOLUME{01d4de9e09d44c1a-b009e7a9}\WINDOWS\SOFTWAREDISTRIBUTION\DOWNLOAD\INSTALL\SILVERLIGHT_X64.EXE
2022-07-25 05:06:21,\VOLUME{01d4de9e09d44c1a-b009e7a9}\PROGRAM FILES\WINDOWSAPPS\MICROSOFT.SKYPEAPP_14.26.95.0_X64__KZF8QXF38ZG5C\SKYPE4LIFE.EXE
2019-03-19 13:04:18,\VOLUME{01d4de9e09d44c1a-b009e7a9}\PROGRAM FILES\WINDOWSAPPS\MICROSOFT.SKYPEAPP_14.26.95.0_X64__KZF8QXF38ZG5C\SKYPE4LIFE.EXE
2022-07-25 05:06:20,\VOLUME{01d4de9e09d44c1a-b009e7a9}\PROGRAM FILES\WINDOWSAPPS\MICROSOFT.SKYPEAPP_14.26.95.0_X64__KZF8QXF38ZG5C\SKYPEHELPER.EXE
2022-07-25 05:06:49,\VOLUME{01d4de9e09d44c1a-b009e7a9}\WINDOWS\SYSTEM32\SLUI.EXE
2019-03-19 13:00:46,\VOLUME{01d4de9e09d44c1a-b009e7a9}\WINDOWS\SYSTEM32\SLUI.EXE
2022-07-25 05:06:24,\VOLUME{01d4de9e09d44c1a-b009e7a9}\WINDOWS\SYSTEM32\SMARTSCREEN.EXE
2019-03-19 13:23:03,\VOLUME{01d4de9e09d44c1a-b009e7a9}\WINDOWS\SYSTEM32\SMARTSCREEN.EXE
2019-03-19 13:21:29,\VOLUME{01d4de9e09d44c1a-b009e7a9}\WINDOWS\SYSTEM32\SMARTSCREEN.EXE
2019-03-19 13:20:22,\VOLUME{01d4de9e09d44c1a-b009e7a9}\WINDOWS\SYSTEM32\SMARTSCREEN.EXE
2019-03-19 13:12:26,\VOLUME{01d4de9e09d44c1a-b009e7a9}\WINDOWS\SYSTEM32\SMARTSCREEN.EXE
2019-03-19 13:07:18,\VOLUME{01d4de9e09d44c1a-b009e7a9}\WINDOWS\SYSTEM32\SMARTSCREEN.EXE
2019-03-19 12:59:42,\VOLUME{01d4de9e09d44c1a-b009e7a9}\WINDOWS\SYSTEM32\SMARTSCREEN.EXE
2019-03-19 13:00:04,\VOLUME{01d4de9e09d44c1a-b009e7a9}\WINDOWS\SYSTEM32\SMSS.EXE
2022-07-24 15:13:43,\VOLUME{01d4de9e09d44c1a-b009e7a9}\WINDOWS\SYSTEM32\SPEECH_ONECORE\COMMON\SPEECHRUNTIME.EXE
2022-07-25 05:07:17,\VOLUME{01d4de9e09d44c1a-b009e7a9}\WINDOWS\SYSTEM32\SPOOLSV.EXE
2022-07-24 15:30:43,\VOLUME{01d4de9e09d44c1a-b009e7a9}\WINDOWS\SYSTEM32\SPPSVC.EXE
2022-07-24 15:25:59,\VOLUME{01d4de9e09d44c1a-b009e7a9}\WINDOWS\SYSTEM32\SPPSVC.EXE
2022-07-24 15:17:47,\VOLUME{01d4de9e09d44c1a-b009e7a9}\WINDOWS\SYSTEM32\SPPSVC.EXE
2022-07-24 15:13:31,\VOLUME{01d4de9e09d44c1a-b009e7a9}\WINDOWS\SYSTEM32\SPPSVC.EXE
2022-07-25 05:07:47,\VOLUME{01d4de9e09d44c1a-b009e7a9}\WINDOWS\SYSTEM32\SPPSVC.EXE
2019-03-19 13:29:24,\VOLUME{01d4de9e09d44c1a-b009e7a9}\WINDOWS\SYSTEM32\SPPSVC.EXE
2019-03-19 13:24:43,\VOLUME{01d4de9e09d44c1a-b009e7a9}\WINDOWS\SYSTEM32\SPPSVC.EXE
2019-03-19 13:20:41,\VOLUME{01d4de9e09d44c1a-b009e7a9}\WINDOWS\SYSTEM32\SPPSVC.EXE
2019-03-19 13:23:56,\VOLUME{01d4de9e09d44c1a-b009e7a9}\WINDOWS\SYSTEM32\OPENSSH\SSH-KEYGEN.EXE
2019-03-19 13:24:05,\VOLUME{01d4de9e09d44c1a-b009e7a9}\WINDOWS\WINSXS\AMD64_OPENSSH-SERVER-COMPONENTS-ONECORE_31BF3856AD364E35_10.0.17763.168_NONE_9BD739D9A2C1CFD0\SSHD.EXE
2019-03-19 13:24:05,\VOLUME{01d4de9e09d44c1a-b009e7a9}\WINDOWS\WINSXS\AMD64_OPENSSH-SERVER-COMPONENTS-ONECORE_31BF3856AD364E35_10.0.17763.168_NONE_9BD739D9A2C1CFD0\SSHD.EXE
2019-03-19 13:23:55,\VOLUME{01d4de9e09d44c1a-b009e7a9}\WINDOWS\WINSXS\AMD64_OPENSSH-SERVER-COMPONENTS-ONECORE_31BF3856AD364E35_10.0.17763.168_NONE_9BD739D9A2C1CFD0\SSHD.EXE
2019-03-19 13:24:05,\VOLUME{01d4de9e09d44c1a-b009e7a9}\WINDOWS\WINSXS\AMD64_OPENSSH-SERVER-COMPONENTS-ONECORE_31BF3856AD364E35_10.0.17763.168_NONE_9BD739D9A2C1CFD0\SSHD.EXE
2019-03-19 13:24:05,\VOLUME{01d4de9e09d44c1a-b009e7a9}\WINDOWS\WINSXS\AMD64_OPENSSH-SERVER-COMPONENTS-ONECORE_31BF3856AD364E35_10.0.17763.168_NONE_9BD739D9A2C1CFD0\SSHD.EXE
2022-07-24 15:13:43,\VOLUME{01d4de9e09d44c1a-b009e7a9}\WINDOWS\SYSTEM32\SVCHOST.EXE
2022-07-25 05:08:53,\VOLUME{01d4de9e09d44c1a-b009e7a9}\WINDOWS\SYSTEM32\SVCHOST.EXE
2019-03-19 13:24:56,\VOLUME{01d4de9e09d44c1a-b009e7a9}\WINDOWS\SYSTEM32\SVCHOST.EXE
2022-07-24 15:30:44,\VOLUME{01d4de9e09d44c1a-b009e7a9}\WINDOWS\SYSTEM32\SVCHOST.EXE
2019-03-19 13:01:42,\VOLUME{01d4de9e09d44c1a-b009e7a9}\WINDOWS\SYSTEM32\SVCHOST.EXE
2022-07-24 15:13:25,\VOLUME{01d4de9e09d44c1a-b009e7a9}\WINDOWS\SYSTEM32\SVCHOST.EXE
2019-03-19 13:17:19,\VOLUME{01d4de9e09d44c1a-b009e7a9}\WINDOWS\SYSTEM32\SVCHOST.EXE
2019-03-19 13:12:46,\VOLUME{01d4de9e09d44c1a-b009e7a9}\WINDOWS\SYSTEM32\SVCHOST.EXE
2019-03-19 13:03:28,\VOLUME{01d4de9e09d44c1a-b009e7a9}\WINDOWS\SYSTEM32\SVCHOST.EXE
2022-07-25 05:06:10,\VOLUME{01d4de9e09d44c1a-b009e7a9}\WINDOWS\SYSTEM32\SVCHOST.EXE
2019-03-19 13:12:37,\VOLUME{01d4de9e09d44c1a-b009e7a9}\WINDOWS\SYSTEM32\SVCHOST.EXE
2019-03-19 13:01:33,\VOLUME{01d4de9e09d44c1a-b009e7a9}\WINDOWS\SYSTEM32\SVCHOST.EXE
2019-03-19 13:05:28,\VOLUME{01d4de9e09d44c1a-b009e7a9}\WINDOWS\SYSTEM32\SVCHOST.EXE
2022-07-24 15:26:09,\VOLUME{01d4de9e09d44c1a-b009e7a9}\WINDOWS\SYSTEM32\SVCHOST.EXE
2022-07-24 15:20:18,\VOLUME{01d4de9e09d44c1a-b009e7a9}\WINDOWS\SYSTEM32\SVCHOST.EXE
2022-07-24 15:16:14,\VOLUME{01d4de9e09d44c1a-b009e7a9}\WINDOWS\SYSTEM32\SVCHOST.EXE
2022-07-24 15:14:01,\VOLUME{01d4de9e09d44c1a-b009e7a9}\WINDOWS\SYSTEM32\SVCHOST.EXE
2022-07-24 15:10:56,\VOLUME{01d4de9e09d44c1a-b009e7a9}\WINDOWS\SYSTEM32\SVCHOST.EXE
2019-03-19 13:21:30,\VOLUME{01d4de9e09d44c1a-b009e7a9}\WINDOWS\SYSTEM32\SVCHOST.EXE
2019-03-19 13:20:23,\VOLUME{01d4de9e09d44c1a-b009e7a9}\WINDOWS\SYSTEM32\SVCHOST.EXE
2019-03-19 13:12:26,\VOLUME{01d4de9e09d44c1a-b009e7a9}\WINDOWS\SYSTEM32\SVCHOST.EXE
2019-03-19 13:00:18,\VOLUME{01d4de9e09d44c1a-b009e7a9}\WINDOWS\SYSTEM32\SVCHOST.EXE
2022-07-25 05:07:53,\VOLUME{01d4de9e09d44c1a-b009e7a9}\WINDOWS\SYSTEM32\SVCHOST.EXE
2019-03-19 13:24:41,\VOLUME{01d4de9e09d44c1a-b009e7a9}\WINDOWS\SYSTEM32\SVCHOST.EXE
2019-03-19 13:14:09,\VOLUME{01d4de9e09d44c1a-b009e7a9}\WINDOWS\SYSTEM32\SVCHOST.EXE
2019-03-19 13:03:16,\VOLUME{01d4de9e09d44c1a-b009e7a9}\WINDOWS\SYSTEM32\SVCHOST.EXE
2022-07-24 15:15:54,\VOLUME{01d4de9e09d44c1a-b009e7a9}\WINDOWS\SYSTEM32\SVCHOST.EXE
2022-07-24 15:10:38,\VOLUME{01d4de9e09d44c1a-b009e7a9}\WINDOWS\SYSTEM32\SVCHOST.EXE
2019-03-19 13:21:17,\VOLUME{01d4de9e09d44c1a-b009e7a9}\WINDOWS\SYSTEM32\SVCHOST.EXE
2019-03-19 13:05:07,\VOLUME{01d4de9e09d44c1a-b009e7a9}\WINDOWS\SYSTEM32\SVCHOST.EXE
2022-07-24 15:18:39,\VOLUME{01d4de9e09d44c1a-b009e7a9}\WINDOWS\SYSTEM32\SVCHOST.EXE
2022-07-24 15:13:25,\VOLUME{01d4de9e09d44c1a-b009e7a9}\WINDOWS\SYSTEM32\SVCHOST.EXE
2019-03-19 13:17:19,\VOLUME{01d4de9e09d44c1a-b009e7a9}\WINDOWS\SYSTEM32\SVCHOST.EXE
2022-07-25 05:07:53,\VOLUME{01d4de9e09d44c1a-b009e7a9}\WINDOWS\SYSTEM32\SVCHOST.EXE
2019-03-19 13:03:28,\VOLUME{01d4de9e09d44c1a-b009e7a9}\WINDOWS\SYSTEM32\SVCHOST.EXE
2022-07-25 05:09:42,\VOLUME{01d4de9e09d44c1a-b009e7a9}\WINDOWS\SYSTEM32\SVCHOST.EXE
2022-07-25 05:07:50,\VOLUME{01d4de9e09d44c1a-b009e7a9}\WINDOWS\SYSTEM32\SVCHOST.EXE
2019-03-19 13:24:42,\VOLUME{01d4de9e09d44c1a-b009e7a9}\WINDOWS\SYSTEM32\SVCHOST.EXE
2019-03-19 13:14:10,\VOLUME{01d4de9e09d44c1a-b009e7a9}\WINDOWS\SYSTEM32\SVCHOST.EXE
2019-03-19 13:08:59,\VOLUME{01d4de9e09d44c1a-b009e7a9}\WINDOWS\SYSTEM32\SVCHOST.EXE
2019-03-19 13:03:16,\VOLUME{01d4de9e09d44c1a-b009e7a9}\WINDOWS\SYSTEM32\SVCHOST.EXE
2022-07-24 15:19:01,\VOLUME{01d4de9e09d44c1a-b009e7a9}\WINDOWS\SYSTEM32\SVCHOST.EXE
2022-07-24 15:14:08,\VOLUME{01d4de9e09d44c1a-b009e7a9}\WINDOWS\SYSTEM32\SVCHOST.EXE
2019-03-19 13:24:27,\VOLUME{01d4de9e09d44c1a-b009e7a9}\WINDOWS\SYSTEM32\SVCHOST.EXE
2019-03-19 13:21:56,\VOLUME{01d4de9e09d44c1a-b009e7a9}\WINDOWS\SYSTEM32\SVCHOST.EXE
2022-07-24 16:45:02,\VOLUME{01d4de9e09d44c1a-b009e7a9}\WINDOWS\SYSTEM32\SVCHOST.EXE
2022-07-24 15:11:58,\VOLUME{01d4de9e09d44c1a-b009e7a9}\WINDOWS\SYSTEM32\SVCHOST.EXE
2019-03-19 13:17:42,\VOLUME{01d4de9e09d44c1a-b009e7a9}\WINDOWS\SYSTEM32\SVCHOST.EXE
2022-07-24 15:16:43,\VOLUME{01d4de9e09d44c1a-b009e7a9}\WINDOWS\SYSTEM32\SVCHOST.EXE
2022-07-24 15:11:38,\VOLUME{01d4de9e09d44c1a-b009e7a9}\WINDOWS\SYSTEM32\SVCHOST.EXE
2019-03-19 13:24:26,\VOLUME{01d4de9e09d44c1a-b009e7a9}\WINDOWS\SYSTEM32\SVCHOST.EXE
2019-03-19 13:21:56,\VOLUME{01d4de9e09d44c1a-b009e7a9}\WINDOWS\SYSTEM32\SVCHOST.EXE
2019-03-19 12:59:40,\VOLUME{01d4de9e09d44c1a-b009e7a9}\WINDOWS\SYSTEM32\SVCHOST.EXE
2019-03-19 13:05:06,\VOLUME{01d4de9e09d44c1a-b009e7a9}\WINDOWS\SYSTEM32\SVCHOST.EXE
2022-07-24 15:16:25,\VOLUME{01d4de9e09d44c1a-b009e7a9}\WINDOWS\SYSTEM32\SVCHOST.EXE
2022-07-24 15:13:42,\VOLUME{01d4de9e09d44c1a-b009e7a9}\WINDOWS\SYSTEM32\SVCHOST.EXE
2019-03-19 13:12:36,\VOLUME{01d4de9e09d44c1a-b009e7a9}\WINDOWS\SYSTEM32\SVCHOST.EXE
2022-07-24 15:13:44,\VOLUME{01d4de9e09d44c1a-b009e7a9}\WINDOWS\SYSTEM32\SVCHOST.EXE
2019-03-19 13:12:39,\VOLUME{01d4de9e09d44c1a-b009e7a9}\WINDOWS\SYSTEM32\SVCHOST.EXE
2019-03-19 13:23:30,\VOLUME{01d4de9e09d44c1a-b009e7a9}\WINDOWS\SYSTEM32\SVCHOST.EXE
2019-03-19 13:12:43,\VOLUME{01d4de9e09d44c1a-b009e7a9}\WINDOWS\SYSTEM32\SVCHOST.EXE
2019-03-19 13:03:01,\VOLUME{01d4de9e09d44c1a-b009e7a9}\WINDOWS\SYSTEM32\SVCHOST.EXE
2022-07-24 15:19:07,\VOLUME{01d4de9e09d44c1a-b009e7a9}\WINDOWS\SYSTEM32\SVCHOST.EXE
2022-07-25 05:07:50,\VOLUME{01d4de9e09d44c1a-b009e7a9}\WINDOWS\SYSTEM32\SVCHOST.EXE
2019-03-19 13:23:06,\VOLUME{01d4de9e09d44c1a-b009e7a9}\WINDOWS\SYSTEM32\SVCHOST.EXE
2019-03-19 13:14:09,\VOLUME{01d4de9e09d44c1a-b009e7a9}\WINDOWS\SYSTEM32\SVCHOST.EXE
2019-03-19 13:07:43,\VOLUME{01d4de9e09d44c1a-b009e7a9}\WINDOWS\SYSTEM32\SVCHOST.EXE
2019-03-19 13:02:22,\VOLUME{01d4de9e09d44c1a-b009e7a9}\WINDOWS\SYSTEM32\SVCHOST.EXE
2022-07-24 15:20:12,\VOLUME{01d4de9e09d44c1a-b009e7a9}\WINDOWS\SYSTEM32\SVCHOST.EXE
2019-03-19 13:05:26,\VOLUME{01d4de9e09d44c1a-b009e7a9}\WINDOWS\SYSTEM32\SVCHOST.EXE
2022-07-24 15:21:40,\VOLUME{01d4de9e09d44c1a-b009e7a9}\WINDOWS\SYSTEM32\SVCHOST.EXE
2022-07-24 15:13:31,\VOLUME{01d4de9e09d44c1a-b009e7a9}\WINDOWS\SYSTEM32\SVCHOST.EXE
2022-07-24 15:16:05,\VOLUME{01d4de9e09d44c1a-b009e7a9}\WINDOWS\SYSTEM32\SVCHOST.EXE
2022-07-24 15:10:48,\VOLUME{01d4de9e09d44c1a-b009e7a9}\WINDOWS\SYSTEM32\SVCHOST.EXE
2019-03-19 13:08:59,\VOLUME{01d4de9e09d44c1a-b009e7a9}\WINDOWS\SYSTEM32\SVCHOST.EXE
2022-07-25 05:08:51,\VOLUME{01d4de9e09d44c1a-b009e7a9}\WINDOWS\SYSTEM32\SVCHOST.EXE
2022-07-24 15:13:43,\VOLUME{01d4de9e09d44c1a-b009e7a9}\WINDOWS\SYSTEM32\SVCHOST.EXE
2022-07-25 05:07:50,\VOLUME{01d4de9e09d44c1a-b009e7a9}\WINDOWS\SYSTEM32\SVCHOST.EXE
2019-03-19 13:14:10,\VOLUME{01d4de9e09d44c1a-b009e7a9}\WINDOWS\SYSTEM32\SVCHOST.EXE
2019-03-19 13:07:43,\VOLUME{01d4de9e09d44c1a-b009e7a9}\WINDOWS\SYSTEM32\SVCHOST.EXE
2019-03-19 13:02:23,\VOLUME{01d4de9e09d44c1a-b009e7a9}\WINDOWS\SYSTEM32\SVCHOST.EXE
2019-03-19 13:00:05,\VOLUME{01d4de9e09d44c1a-b009e7a9}\WINDOWS\SYSTEM32\SVCHOST.EXE
2022-07-24 15:18:45,\VOLUME{01d4de9e09d44c1a-b009e7a9}\WINDOWS\SYSTEM32\SVCHOST.EXE
2022-07-24 15:12:30,\VOLUME{01d4de9e09d44c1a-b009e7a9}\WINDOWS\SYSTEM32\SVCHOST.EXE
2019-03-19 13:25:29,\VOLUME{01d4de9e09d44c1a-b009e7a9}\WINDOWS\SYSTEM32\SVCHOST.EXE
2019-03-19 13:20:29,\VOLUME{01d4de9e09d44c1a-b009e7a9}\WINDOWS\SYSTEM32\SVCHOST.EXE
2019-03-19 13:12:46,\VOLUME{01d4de9e09d44c1a-b009e7a9}\WINDOWS\SYSTEM32\SVCHOST.EXE
2019-03-19 13:07:25,\VOLUME{01d4de9e09d44c1a-b009e7a9}\WINDOWS\SYSTEM32\SVCHOST.EXE
2019-03-19 12:59:40,\VOLUME{01d4de9e09d44c1a-b009e7a9}\WINDOWS\SYSTEM32\SVCHOST.EXE
2022-07-25 05:08:53,\VOLUME{01d4de9e09d44c1a-b009e7a9}\WINDOWS\SYSTEM32\SVCHOST.EXE
2022-07-24 15:26:10,\VOLUME{01d4de9e09d44c1a-b009e7a9}\WINDOWS\SYSTEM32\SVCHOST.EXE
2022-07-25 05:07:51,\VOLUME{01d4de9e09d44c1a-b009e7a9}\WINDOWS\SYSTEM32\SVCHOST.EXE
2019-03-19 13:24:43,\VOLUME{01d4de9e09d44c1a-b009e7a9}\WINDOWS\SYSTEM32\SVCHOST.EXE
2022-07-24 15:16:04,\VOLUME{01d4de9e09d44c1a-b009e7a9}\WINDOWS\SYSTEM32\SVCHOST.EXE
2022-07-24 15:10:48,\VOLUME{01d4de9e09d44c1a-b009e7a9}\WINDOWS\SYSTEM32\SVCHOST.EXE
2019-03-19 13:24:42,\VOLUME{01d4de9e09d44c1a-b009e7a9}\WINDOWS\SYSTEM32\SVCHOST.EXE
2019-03-19 13:12:33,\VOLUME{01d4de9e09d44c1a-b009e7a9}\WINDOWS\SYSTEM32\SVCHOST.EXE
2019-03-19 13:08:59,\VOLUME{01d4de9e09d44c1a-b009e7a9}\WINDOWS\SYSTEM32\SVCHOST.EXE
2019-03-19 13:04:50,\VOLUME{01d4de9e09d44c1a-b009e7a9}\WINDOWS\SYSTEM32\SVCHOST.EXE
2022-07-24 15:15:55,\VOLUME{01d4de9e09d44c1a-b009e7a9}\WINDOWS\SYSTEM32\SVCHOST.EXE
2022-07-24 15:10:38,\VOLUME{01d4de9e09d44c1a-b009e7a9}\WINDOWS\SYSTEM32\SVCHOST.EXE
2019-03-19 13:21:30,\VOLUME{01d4de9e09d44c1a-b009e7a9}\WINDOWS\SYSTEM32\SVCHOST.EXE
2019-03-19 13:12:26,\VOLUME{01d4de9e09d44c1a-b009e7a9}\WINDOWS\SYSTEM32\SVCHOST.EXE
2019-03-19 13:01:37,\VOLUME{01d4de9e09d44c1a-b009e7a9}\WINDOWS\SYSTEM32\SVCHOST.EXE
2022-07-24 15:30:46,\VOLUME{01d4de9e09d44c1a-b009e7a9}\WINDOWS\SYSTEM32\SVCHOST.EXE
2019-03-19 13:29:25,\VOLUME{01d4de9e09d44c1a-b009e7a9}\WINDOWS\SYSTEM32\SVCHOST.EXE
2019-03-19 13:21:17,\VOLUME{01d4de9e09d44c1a-b009e7a9}\WINDOWS\SYSTEM32\SVCHOST.EXE
2019-03-19 13:14:10,\VOLUME{01d4de9e09d44c1a-b009e7a9}\WINDOWS\SYSTEM32\SVCHOST.EXE
2019-03-19 13:07:43,\VOLUME{01d4de9e09d44c1a-b009e7a9}\WINDOWS\SYSTEM32\SVCHOST.EXE
2022-07-24 15:17:47,\VOLUME{01d4de9e09d44c1a-b009e7a9}\WINDOWS\SYSTEM32\SVCHOST.EXE
2022-07-24 15:12:30,\VOLUME{01d4de9e09d44c1a-b009e7a9}\WINDOWS\SYSTEM32\SVCHOST.EXE
2019-03-19 13:24:43,\VOLUME{01d4de9e09d44c1a-b009e7a9}\WINDOWS\SYSTEM32\SVCHOST.EXE
2019-03-19 13:09:00,\VOLUME{01d4de9e09d44c1a-b009e7a9}\WINDOWS\SYSTEM32\SVCHOST.EXE
2019-03-19 13:03:26,\VOLUME{01d4de9e09d44c1a-b009e7a9}\WINDOWS\SYSTEM32\SVCHOST.EXE
2022-07-24 15:30:41,\VOLUME{01d4de9e09d44c1a-b009e7a9}\WINDOWS\SYSTEM32\SVCHOST.EXE
2022-07-24 15:18:45,\VOLUME{01d4de9e09d44c1a-b009e7a9}\WINDOWS\SYSTEM32\SVCHOST.EXE
2022-07-24 15:13:27,\VOLUME{01d4de9e09d44c1a-b009e7a9}\WINDOWS\SYSTEM32\SVCHOST.EXE
2019-03-19 13:18:43,\VOLUME{01d4de9e09d44c1a-b009e7a9}\WINDOWS\SYSTEM32\SVCHOST.EXE
2019-03-19 13:17:42,\VOLUME{01d4de9e09d44c1a-b009e7a9}\WINDOWS\SYSTEM32\SVCHOST.EXE
2019-03-19 13:17:13,\VOLUME{01d4de9e09d44c1a-b009e7a9}\WINDOWS\SYSTEM32\SVCHOST.EXE
2019-03-19 13:09:02,\VOLUME{01d4de9e09d44c1a-b009e7a9}\WINDOWS\SYSTEM32\SVCHOST.EXE
2019-03-19 13:00:41,\VOLUME{01d4de9e09d44c1a-b009e7a9}\WINDOWS\SYSTEM32\SVCHOST.EXE
2022-07-24 15:19:04,\VOLUME{01d4de9e09d44c1a-b009e7a9}\USERS\IEUSER\APPDATA\LOCAL\TEMP\SYSMON.EXE
2022-07-24 15:19:04,\VOLUME{01d4de9e09d44c1a-b009e7a9}\PROGRAMDATA\SYSMON\SYSMON.EXE
2022-07-24 15:19:07,\VOLUME{01d4de9e09d44c1a-b009e7a9}\WINDOWS\SYSMON.EXE
2022-07-24 15:19:05,\VOLUME{01d4de9e09d44c1a-b009e7a9}\WINDOWS\SYSMON.EXE
2022-07-24 15:19:04,\VOLUME{01d4de9e09d44c1a-b009e7a9}\WINDOWS\SYSMON.EXE
2022-07-24 15:13:41,\VOLUME{01d4de9e09d44c1a-b009e7a9}\WINDOWS\IMMERSIVECONTROLPANEL\SYSTEMSETTINGS.EXE
2019-03-19 13:12:36,\VOLUME{01d4de9e09d44c1a-b009e7a9}\WINDOWS\IMMERSIVECONTROLPANEL\SYSTEMSETTINGS.EXE
2022-07-24 15:16:09,\VOLUME{01d4de9e09d44c1a-b009e7a9}\WINDOWS\SYSTEM32\SYSTEMSETTINGSBROKER.EXE
2022-07-24 15:14:31,\VOLUME{01d4de9e09d44c1a-b009e7a9}\WINDOWS\SYSTEM32\SYSTEMSETTINGSBROKER.EXE
2022-07-24 16:45:01,\VOLUME{01d4de9e09d44c1a-b009e7a9}\WINDOWS\SYSTEM32\TASKHOSTW.EXE
2022-07-24 15:30:41,\VOLUME{01d4de9e09d44c1a-b009e7a9}\WINDOWS\SYSTEM32\TASKHOSTW.EXE
2022-07-24 15:25:57,\VOLUME{01d4de9e09d44c1a-b009e7a9}\WINDOWS\SYSTEM32\TASKHOSTW.EXE
2022-07-24 15:20:46,\VOLUME{01d4de9e09d44c1a-b009e7a9}\WINDOWS\SYSTEM32\TASKHOSTW.EXE
2022-07-24 15:16:58,\VOLUME{01d4de9e09d44c1a-b009e7a9}\WINDOWS\SYSTEM32\TASKHOSTW.EXE
2022-07-24 15:13:24,\VOLUME{01d4de9e09d44c1a-b009e7a9}\WINDOWS\SYSTEM32\TASKHOSTW.EXE
2022-07-25 05:09:16,\VOLUME{01d4de9e09d44c1a-b009e7a9}\WINDOWS\SYSTEM32\TASKHOSTW.EXE
2022-07-25 05:07:14,\VOLUME{01d4de9e09d44c1a-b009e7a9}\WINDOWS\SYSTEM32\TASKHOSTW.EXE
2022-07-24 15:26:51,\VOLUME{01d4de9e09d44c1a-b009e7a9}\WINDOWS\SYSTEM32\TASKKILL.EXE
2022-07-24 15:30:47,\VOLUME{01d4de9e09d44c1a-b009e7a9}\WINDOWS\WINSXS\AMD64_MICROSOFT-WINDOWS-SERVICINGSTACK_31BF3856AD364E35_10.0.17763.164_NONE_7E114A3D4D0589D4\TIWORKER.EXE
2022-07-24 15:13:28,\VOLUME{01d4de9e09d44c1a-b009e7a9}\WINDOWS\WINSXS\AMD64_MICROSOFT-WINDOWS-SERVICINGSTACK_31BF3856AD364E35_10.0.17763.164_NONE_7E114A3D4D0589D4\TIWORKER.EXE
2019-03-19 13:29:56,\VOLUME{01d4de9e09d44c1a-b009e7a9}\WINDOWS\WINSXS\AMD64_MICROSOFT-WINDOWS-SERVICINGSTACK_31BF3856AD364E35_10.0.17763.164_NONE_7E114A3D4D0589D4\TIWORKER.EXE
2019-03-19 13:20:30,\VOLUME{01d4de9e09d44c1a-b009e7a9}\WINDOWS\WINSXS\AMD64_MICROSOFT-WINDOWS-SERVICINGSTACK_31BF3856AD364E35_10.0.17763.164_NONE_7E114A3D4D0589D4\TIWORKER.EXE
2019-03-19 13:01:48,\VOLUME{01d4de9e09d44c1a-b009e7a9}\WINDOWS\WINSXS\AMD64_MICROSOFT-WINDOWS-SERVICINGSTACK_31BF3856AD364E35_10.0.17763.1_NONE_FA254B2E1F73E660\TIWORKER.EXE
2019-03-19 13:00:22,\VOLUME{01d4de9e09d44c1a-b009e7a9}\WINDOWS\WINSXS\AMD64_MICROSOFT-WINDOWS-SERVICINGSTACK_31BF3856AD364E35_10.0.17763.1_NONE_FA254B2E1F73E660\TIWORKER.EXE
2022-07-25 05:07:16,\VOLUME{01d4de9e09d44c1a-b009e7a9}\PROGRAM FILES\VMWARE\VMWARE TOOLS\TPAUTOCONNECT.EXE
2022-07-25 05:07:16,\VOLUME{01d4de9e09d44c1a-b009e7a9}\PROGRAM FILES\VMWARE\VMWARE TOOLS\TPAUTOCONNSVC.EXE
2019-03-19 13:24:54,\VOLUME{01d4de9e09d44c1a-b009e7a9}\PROGRAM FILES\VMWARE\VMWARE TOOLS\TPAUTOCONNSVC.EXE
2022-07-25 05:07:16,\VOLUME{01d4de9e09d44c1a-b009e7a9}\PROGRAM FILES\VMWARE\VMWARE TOOLS\TPVCGATEWAY.EXE
2019-03-19 13:24:54,\VOLUME{01d4de9e09d44c1a-b009e7a9}\PROGRAM FILES\VMWARE\VMWARE TOOLS\TPVCGATEWAY.EXE
2022-07-24 15:30:47,\VOLUME{01d4de9e09d44c1a-b009e7a9}\WINDOWS\SERVICING\TRUSTEDINSTALLER.EXE
2022-07-24 15:13:27,\VOLUME{01d4de9e09d44c1a-b009e7a9}\WINDOWS\SERVICING\TRUSTEDINSTALLER.EXE
2019-03-19 13:29:56,\VOLUME{01d4de9e09d44c1a-b009e7a9}\WINDOWS\SERVICING\TRUSTEDINSTALLER.EXE
2019-03-19 13:01:48,\VOLUME{01d4de9e09d44c1a-b009e7a9}\WINDOWS\SERVICING\TRUSTEDINSTALLER.EXE
2019-03-19 13:25:31,\VOLUME{01d4de9e09d44c1a-b009e7a9}\WINDOWS\TEMP\ULTRADEFRAG-PORTABLE-6.1.0.I386\UDEFRAG.EXE
2019-03-19 13:00:12,\VOLUME{01d4de9e09d44c1a-b009e7a9}\WINDOWS\SYSTEM32\UNREGMP2.EXE
2022-07-24 15:19:07,\VOLUME{01d4de9e09d44c1a-b009e7a9}\WINDOWS\SYSTEM32\WBEM\UNSECAPP.EXE
2022-07-24 15:19:05,\VOLUME{01d4de9e09d44c1a-b009e7a9}\WINDOWS\SYSTEM32\WBEM\UNSECAPP.EXE
2022-07-24 15:26:40,\VOLUME{01d4de9e09d44c1a-b009e7a9}\WINDOWS\SOFTWAREDISTRIBUTION\DOWNLOAD\INSTALL\UPDATEPLATFORM.EXE
2019-03-19 13:08:11,\VOLUME{01d4de9e09d44c1a-b009e7a9}\WINDOWS\SOFTWAREDISTRIBUTION\DOWNLOAD\INSTALL\UPDATEPLATFORM.EXE
2019-03-19 13:24:36,\VOLUME{01d4de9e09d44c1a-b009e7a9}\USERS\IEUSER\APPDATA\LOCAL\TEMP\{43D9111A-EA02-4682-BF3C-EFDCB62A89B0}~SETUP\VCREDIST_X64.EXE
2019-03-19 13:24:30,\VOLUME{01d4de9e09d44c1a-b009e7a9}\USERS\IEUSER\APPDATA\LOCAL\TEMP\{43D9111A-EA02-4682-BF3C-EFDCB62A89B0}~SETUP\VCREDIST_X86.EXE
2019-03-19 13:01:34,\VOLUME{01d4de9e09d44c1a-b009e7a9}\WINDOWS\SYSTEM32\VERCLSID.EXE
2022-07-25 05:08:53,\VOLUME{01d4de9e09d44c1a-b009e7a9}\PROGRAM FILES\VMWARE\VMWARE TOOLS\VMWARE VGAUTH\VGAUTHSERVICE.EXE
2019-03-19 13:24:57,\VOLUME{01d4de9e09d44c1a-b009e7a9}\PROGRAM FILES\VMWARE\VMWARE TOOLS\VMWARE VGAUTH\VGAUTHSERVICE.EXE
2022-07-25 05:09:15,\VOLUME{01d4de9e09d44c1a-b009e7a9}\WINDOWS\SYSTEM32\DRIVERSTORE\TEMP\{81A891DC-433C-F84B-8248-774FD9A4A255}\VM3DSERVICE.EXE
2022-07-25 05:09:15,\VOLUME{01d4de9e09d44c1a-b009e7a9}\WINDOWS\SYSTEM32\DRIVERSTORE\TEMP\{81A891DC-433C-F84B-8248-774FD9A4A255}\VM3DSERVICE.EXE
2019-03-19 13:24:56,\VOLUME{01d4de9e09d44c1a-b009e7a9}\PROGRAM FILES\VMWARE\VMWARE TOOLS\VMACTHLP.EXE
2022-07-25 05:09:16,\VOLUME{01d4de9e09d44c1a-b009e7a9}\PROGRAM FILES\VMWARE\VMWARE TOOLS\VMTOOLSD.EXE
2022-07-25 05:06:43,\VOLUME{01d4de9e09d44c1a-b009e7a9}\PROGRAM FILES\VMWARE\VMWARE TOOLS\VMTOOLSD.EXE
2019-03-19 13:25:11,\VOLUME{01d4de9e09d44c1a-b009e7a9}\PROGRAM FILES\VMWARE\VMWARE TOOLS\VMTOOLSD.EXE
2019-03-19 13:25:11,\VOLUME{01d4de9e09d44c1a-b009e7a9}\PROGRAM FILES\VMWARE\VMWARE TOOLS\VMTOOLSD.EXE
2019-03-19 13:23:30,\VOLUME{01d4de9e09d44c1a-b009e7a9}\WINDOWS\SYSTEM32\VSSVC.EXE
2019-03-19 13:17:17,\VOLUME{01d4de9e09d44c1a-b009e7a9}\WINDOWS\SYSTEM32\VSSVC.EXE
2019-03-19 13:03:01,\VOLUME{01d4de9e09d44c1a-b009e7a9}\WINDOWS\SYSTEM32\VSSVC.EXE
2022-07-24 15:19:07,\VOLUME{01d4de9e09d44c1a-b009e7a9}\WINDOWS\SYSTEM32\WERFAULT.EXE
2022-07-24 15:19:07,\VOLUME{01d4de9e09d44c1a-b009e7a9}\WINDOWS\SYSTEM32\WERFAULT.EXE
2022-07-24 15:26:50,\VOLUME{01d4de9e09d44c1a-b009e7a9}\WINDOWS\SYSTEM32\WEVTUTIL.EXE
2022-07-24 15:26:50,\VOLUME{01d4de9e09d44c1a-b009e7a9}\WINDOWS\SYSTEM32\WEVTUTIL.EXE
2022-07-24 15:26:50,\VOLUME{01d4de9e09d44c1a-b009e7a9}\WINDOWS\SYSTEM32\WEVTUTIL.EXE
2022-07-24 15:26:50,\VOLUME{01d4de9e09d44c1a-b009e7a9}\WINDOWS\SYSTEM32\WEVTUTIL.EXE
2022-07-24 15:26:49,\VOLUME{01d4de9e09d44c1a-b009e7a9}\WINDOWS\SYSTEM32\WEVTUTIL.EXE
2022-07-24 15:26:49,\VOLUME{01d4de9e09d44c1a-b009e7a9}\WINDOWS\SYSTEM32\WEVTUTIL.EXE
2022-07-24 15:26:49,\VOLUME{01d4de9e09d44c1a-b009e7a9}\WINDOWS\SYSTEM32\WEVTUTIL.EXE
2022-07-24 15:19:06,\VOLUME{01d4de9e09d44c1a-b009e7a9}\WINDOWS\SYSTEM32\WEVTUTIL.EXE
2022-07-24 15:25:26,\VOLUME{01d4de9e09d44c1a-b009e7a9}\WINDOWS\SYSTEM32\WHOAMI.EXE
2022-07-24 15:25:19,\VOLUME{01d4de9e09d44c1a-b009e7a9}\WINDOWS\SYSTEM32\WHOAMI.EXE
2022-07-24 15:22:45,\VOLUME{01d4de9e09d44c1a-b009e7a9}\WINDOWS\SYSTEM32\WHOAMI.EXE
2022-07-24 15:22:42,\VOLUME{01d4de9e09d44c1a-b009e7a9}\WINDOWS\SYSTEM32\WHOAMI.EXE
2022-07-24 15:22:40,\VOLUME{01d4de9e09d44c1a-b009e7a9}\WINDOWS\SYSTEM32\WHOAMI.EXE
2022-07-24 15:22:35,\VOLUME{01d4de9e09d44c1a-b009e7a9}\WINDOWS\SYSTEM32\WHOAMI.EXE
2022-07-24 15:22:33,\VOLUME{01d4de9e09d44c1a-b009e7a9}\WINDOWS\SYSTEM32\WHOAMI.EXE
2022-07-24 15:22:27,\VOLUME{01d4de9e09d44c1a-b009e7a9}\WINDOWS\SYSTEM32\WHOAMI.EXE
2019-03-19 13:04:41,WINDOWS-KB890830-X64-V5.70.EX
2022-07-24 15:25:22,WINDOWSINTERNAL.COMPOSABLESHE
2022-07-24 15:14:17,WINDOWSINTERNAL.COMPOSABLESHE
2019-03-19 13:00:04,\VOLUME{01d4de9e09d44c1a-b009e7a9}\WINDOWS\SYSTEM32\WINLOGON.EXE
2019-03-19 13:29:25,\VOLUME{01d4de9e09d44c1a-b009e7a9}\WINDOWS\SYSTEM32\WLRMDR.EXE
2022-07-25 05:06:48,\VOLUME{01d4de9e09d44c1a-b009e7a9}\WINDOWS\SYSTEM32\WBEM\WMIADAP.EXE
2019-03-19 13:26:40,\VOLUME{01d4de9e09d44c1a-b009e7a9}\WINDOWS\SYSTEM32\WBEM\WMIADAP.EXE
2019-03-19 13:26:09,\VOLUME{01d4de9e09d44c1a-b009e7a9}\WINDOWS\SYSTEM32\WBEM\WMIADAP.EXE
2019-03-19 13:16:09,\VOLUME{01d4de9e09d44c1a-b009e7a9}\WINDOWS\SYSTEM32\WBEM\WMIADAP.EXE
2019-03-19 13:05:16,\VOLUME{01d4de9e09d44c1a-b009e7a9}\WINDOWS\SYSTEM32\WBEM\WMIADAP.EXE
2022-07-24 15:16:11,\VOLUME{01d4de9e09d44c1a-b009e7a9}\WINDOWS\SYSTEM32\WBEM\WMIAPSRV.EXE
2022-07-24 15:10:53,\VOLUME{01d4de9e09d44c1a-b009e7a9}\WINDOWS\SYSTEM32\WBEM\WMIAPSRV.EXE
2019-03-19 13:25:33,\VOLUME{01d4de9e09d44c1a-b009e7a9}\WINDOWS\SYSTEM32\WBEM\WMIAPSRV.EXE
2019-03-19 13:05:51,\VOLUME{01d4de9e09d44c1a-b009e7a9}\WINDOWS\SYSTEM32\WBEM\WMIAPSRV.EXE
2022-07-24 15:16:02,\VOLUME{01d4de9e09d44c1a-b009e7a9}\WINDOWS\SYSTEM32\WBEM\WMIPRVSE.EXE
2019-03-19 13:25:32,\VOLUME{01d4de9e09d44c1a-b009e7a9}\WINDOWS\SYSTEM32\WBEM\WMIPRVSE.EXE
2019-03-19 13:20:29,\VOLUME{01d4de9e09d44c1a-b009e7a9}\WINDOWS\SYSTEM32\WBEM\WMIPRVSE.EXE
2019-03-19 13:17:19,\VOLUME{01d4de9e09d44c1a-b009e7a9}\WINDOWS\SYSTEM32\WBEM\WMIPRVSE.EXE
2019-03-19 13:16:09,\VOLUME{01d4de9e09d44c1a-b009e7a9}\WINDOWS\SYSTEM32\WBEM\WMIPRVSE.EXE
2019-03-19 13:12:43,\VOLUME{01d4de9e09d44c1a-b009e7a9}\WINDOWS\SYSTEM32\WBEM\WMIPRVSE.EXE
2019-03-19 13:07:25,\VOLUME{01d4de9e09d44c1a-b009e7a9}\WINDOWS\SYSTEM32\WBEM\WMIPRVSE.EXE
2019-03-19 13:05:52,\VOLUME{01d4de9e09d44c1a-b009e7a9}\WINDOWS\SYSTEM32\WBEM\WMIPRVSE.EXE
2022-07-25 05:09:14,\VOLUME{01d4de9e09d44c1a-b009e7a9}\WINDOWS\SYSWOW64\WOWREG32.EXE
2019-03-19 13:25:09,\VOLUME{01d4de9e09d44c1a-b009e7a9}\WINDOWS\SYSWOW64\WOWREG32.EXE
2019-03-19 13:00:41,\VOLUME{01d4de9e09d44c1a-b009e7a9}\WINDOWS\SYSTEM32\WSCRIPT.EXE
2022-07-25 05:08:46,\VOLUME{01d4de9e09d44c1a-b009e7a9}\WINDOWS\SYSTEM32\WUAUCLT.EXE
2019-03-19 13:18:56,\VOLUME{01d4de9e09d44c1a-b009e7a9}\WINDOWS\SYSTEM32\WUAUCLT.EXE
2019-03-19 13:13:01,\VOLUME{01d4de9e09d44c1a-b009e7a9}\WINDOWS\SYSTEM32\WUAUCLT.EXE
2019-03-19 13:09:12,\VOLUME{01d4de9e09d44c1a-b009e7a9}\WINDOWS\SYSTEM32\WUAUCLT.EXE
2019-03-19 13:07:50,\VOLUME{01d4de9e09d44c1a-b009e7a9}\WINDOWS\SYSTEM32\WUAUCLT.EXE
2019-03-19 13:06:19,\VOLUME{01d4de9e09d44c1a-b009e7a9}\WINDOWS\SYSTEM32\WUAUCLT.EXE
2019-03-19 13:02:58,\VOLUME{01d4de9e09d44c1a-b009e7a9}\WINDOWS\SYSTEM32\WUAUCLT.EXE
2019-03-19 12:59:41,\VOLUME{01d4de9e09d44c1a-b009e7a9}\WINDOWS\SYSTEM32\WWAHOST.EXE
