ApplicationName,ProgramId,FileKeyLastWriteTimestamp,SHA1,IsOsComponent,FullPath,Name,FileExtension,LinkDate,ProductName,Size,Version,ProductVersion,LongPathHash,BinaryType,IsPeFile,BinFileVersion,BinProductVersion,Usn,Language,Description
Unassociated,0006844b143cabfef1697f83ccef3c527f9200000904,2022-07-24 15:14:07,4b86657c583802d58e2704e4a664b9db325d190c,False,c:\program files (x86)\microsoft silverlight\5.1.50918.0\agcp.exe,agcp.exe,.exe,2018-10-24 02:19:42,microsoft® silverlight,16520,5.1.50918.0,5.1.50918.0,agcp.exe|1afb9835f4df2158,pe32_i386,True,5.1.50918.0,5.1.50918.0,8301856,1033,
Unassociated,0000f519feec486de87ed73cb92d3cac802400000000,2019-03-19 13:06:33,cb91407f81d32e05d97ab017789406d0d14b7c13,True,c:\windows\system32\applicationframehost.exe,ApplicationFrameHost.exe,.exe,2012-02-04 15:07:10,microsoft® windows® operating system,72776,10.0.17763.1 (winbuild.160101.0800),10.0.17763.1,applicationframe|7c5c9be1b612bbd,pe64_amd64,True,10.0.17763.1,10.0.17763.1,0,1033,
Unassociated,0000f519feec486de87ed73cb92d3cac802400000000,2022-07-24 15:14:10,339e4e69d2120b97ce34b9a8d3597ff8e0a73561,True,c:\windows\system32\backgroundtaskhost.exe,backgroundTaskHost.exe,.exe,2029-06-26 14:02:39,microsoft® windows® operating system,19768,10.0.17763.1 (winbuild.160101.0800),10.0.17763.1,backgroundtaskho|d626d8b11be2d0c2,pe64_amd64,True,10.0.17763.1,10.0.17763.1,4635240,1033,
Unassociated,000672313b14acf611791e61aaa2d3db15f400000904,2019-03-19 13:00:45,1cee3fa8419bdf4cbc266461277e3fdd9b93de25,False,c:\bginfo\bginfo.exe,BGINFO.EXE,.exe,2013-07-30 03:02:23,bginfo,847040,4.20,4.20,bginfo.exe|694fff88532e913f,pe32_i386,True,4.20.0.0,4.20.0.0,5587624,1033,
Unassociated,0006ed4fee0a22038f6e76295cadd2cf99c100000000,2022-07-24 15:14:10,3d9e4509f4406e36212f19465bd9bc656d9ec3c1,False,c:\programdata\chocolatey\bin\choco.exe,choco.exe,.exe,2017-04-07 16:50:00,chocolatey,143496,0.10.5.0,0.10.5 - shim 0.8.1,choco.exe|6cf36f324abcde68,pe32_clr_il,True,0.10.5.0,0.10.5.0,80103504,0,
Unassociated,000662705a152fd03fadd99c33bae7911b5f00000000,2022-07-24 15:14:10,c3b372580560650d839ff2f24281a6492bb09710,False,c:\programdata\chocolatey\choco.exe,choco.exe,.exe,2019-03-15 17:56:38,chocolatey,6739592,0.10.13.0,0.10.13,choco.exe|9d6f527017aed488,pe32_clr_il,True,0.10.13.0,0.10.13.0,80100736,0,
Unassociated,0000f519feec486de87ed73cb92d3cac802400000000,2022-07-24 15:14:07,f81d1c1018b292762b8a536d6b4289fd593e30b3,True,c:\windows\system32\compattelrunner.exe,CompatTelRunner.exe,.exe,,,156200,10.0.17763.1 (winbuild.160101.0800),,compattelrunner.|732ad1627e12cb48,pe64_amd64,True,10.0.17763.1,,85340880,1033,
Unassociated,0000f519feec486de87ed73cb92d3cac802400000000,2019-03-19 13:00:16,a32a03532a2ac2ca9c9f67ff4e7fb45680985df9,True,c:\windows\system32\conhost.exe,conhost.exe,.exe,2030-01-20 03:16:28,microsoft® windows® operating system,822784,10.0.17763.1 (winbuild.160101.0800),10.0.17763.1,conhost.exe|a73bcd1ef9353f3e,pe64_amd64,True,10.0.17763.1,10.0.17763.1,0,1033,
Unassociated,0006844b143cabfef1697f83ccef3c527f9200000904,2022-07-24 15:14:07,5f536e6701d928dd262d475cd6987777b9fa5e33,False,c:\program files (x86)\microsoft silverlight\5.1.50918.0\coregen.exe,coregen.exe,.exe,2018-10-24 02:18:11,microsoft® silverlight,68744,5.1.50918.0 built by: sl_v5_svc,5.1.50918.0,coregen.exe|2afdfc05f647885,pe32_i386,True,5.1.50918.0,5.1.50918.0,8314464,1033,
Unassociated,0000f519feec486de87ed73cb92d3cac802400000000,2022-07-24 15:14:10,1158a20094d14277e4cbb5ded3074bd948fa3ff9,True,c:\windows\microsoft.net\framework64\v4.0.30319\csc.exe,csc.exe,.exe,2018-08-07 06:54:03,microsoft® .net framework,2739280,4.7.3190.0 built by: net472rel1last_c,4.7.3190.0,csc.exe|9b9c2e289b6f7430,pe64_amd64,True,4.7.3190.0,4.0.30319.0,0,1033,
Unassociated,0000f519feec486de87ed73cb92d3cac802400000000,2019-03-19 13:01:19,779b8afc3fa2528b090f400ef3d592e0e2775955,True,c:\windows\system32\csrss.exe,csrss.exe,.exe,2058-05-27 04:51:31,microsoft® windows® operating system,17792,10.0.17763.1 (winbuild.160101.0800),10.0.17763.1,csrss.exe|a9363ee544229f11,pe64_amd64,True,10.0.17763.1,10.0.17763.1,0,1033,
Unassociated,0000f519feec486de87ed73cb92d3cac802400000000,2022-07-24 15:14:07,64cd6dc111ba59b11923e2ec26825c75ee6ab7aa,True,c:\windows\system32\devicecensus.exe,DeviceCensus.exe,.exe,,,35640,10.0.17763.1 (winbuild.160101.0800),,devicecensus.exe|26420fddf94319b3,pe64_amd64,True,10.0.17763.1,,85224648,1033,
Unassociated,0000f519feec486de87ed73cb92d3cac802400000000,2019-03-19 13:24:56,0ac5ebabb21c3c873b1ca249a7cb6e099e1431ae,True,c:\windows\system32\drvinst.exe,drvinst.exe,.exe,2058-06-08 03:45:59,microsoft® windows® operating system,168448,10.0.17763.1 (winbuild.160101.0800),10.0.17763.1,drvinst.exe|aa32db6491e404e1,pe64_amd64,True,10.0.17763.1,10.0.17763.1,0,1033,
Unassociated,0000f519feec486de87ed73cb92d3cac802400000000,2019-03-19 13:01:22,a2198b6d266720e3139554c2781e0f4586d29f80,True,c:\windows\system32\dwm.exe,dwm.exe,.exe,2091-11-01 18:09:55,microsoft® windows® operating system,50176,10.0.17763.1 (winbuild.160101.0800),10.0.17763.1,dwm.exe|f848a80c6540ffad,pe64_amd64,True,10.0.17763.1,10.0.17763.1,2474312,1033,
Unassociated,0000f519feec486de87ed73cb92d3cac802400000000,2022-07-24 15:14:07,a601f11eb7d1c1580de387c514d4b5fe2f3a78f2,True,c:\windows\explorer.exe,explorer.exe,.exe,,,4245280,10.0.17763.107 (winbuild.160101.0800),,explorer.exe|68e882542b88f3ee,pe64_amd64,True,10.0.17763.107,,85277144,1033,
Unassociated,0000f519feec486de87ed73cb92d3cac802400000000,2019-03-19 13:00:04,e1ab36e5c3c1453c592e2901330eb13c5d29b351,True,c:\windows\system32\logonui.exe,LogonUI.exe,.exe,2018-03-23 00:51:12,microsoft® windows® operating system,13824,10.0.17763.1 (winbuild.160101.0800),10.0.17763.1,logonui.exe|abe25f7310ce82cc,pe64_amd64,True,10.0.17763.1,10.0.17763.1,2515112,1033,
Unassociated,0006cc84523ba932043478f82f9feba994a200000000,2022-07-24 15:14:10,94ea536654ea32fe0a6c2232d6728f6bc21c5eef,False,c:\program files\windowsapps\microsoft.windows.photos_2018.18051.21218.0_x64__8wekyb3d8bbwe\microsoft.photos.exe,Microsoft.Photos.exe,.exe,2018-08-21 05:52:13,microsoft photos,475136,2018.18051.21210.00000,2018.18051.2121000000-release2018.06,microsoft.photos|d72c4b58d5ff63fd,pe64_amd64,True,2018.18051.21210.0,2018.18051.21210.0,2336088,0,
Unassociated,0006ad0c414fc4a84938ddc895c8e29c354700000904,2022-07-24 15:14:07,98e184de908a65514feea84ff71581463e4ce0a0,False,c:\windows\system32\mrt.exe,MRT.exe,.exe,,,127411920,5.70.15749.1,,mrt.exe|911fb90f04cf69c9,pe64_amd64,True,5.70.15749.1,,13384200,1033,
Unassociated,0000f519feec486de87ed73cb92d3cac802400000000,2022-07-24 15:14:09,fe3704211e3c195ecfd9e61c77b55c453d09447d,True,c:\windows\microsoft.net\framework\v4.0.30319\mscorsvw.exe,mscorsvw.exe,.exe,2018-08-07 07:11:59,microsoft® .net framework,107592,4.7.3190.0 built by: net472rel1last_c,4.7.3190.0,mscorsvw.exe|290adaef7b288bf7,pe32_i386,True,4.7.3190.0,4.0.30319.0,0,1033,
Unassociated,0000f519feec486de87ed73cb92d3cac802400000000,2022-07-24 15:14:10,aee2b60cc26cd608b7fe4780cf24fbda241552b0,True,c:\windows\microsoft.net\framework64\v4.0.30319\mscorsvw.exe,mscorsvw.exe,.exe,2018-08-07 06:18:04,microsoft® .net framework,128592,4.7.3190.0 built by: net472rel1last_c,4.7.3190.0,mscorsvw.exe|c9bd36993d973183,pe64_amd64,True,4.7.3190.0,4.0.30319.0,0,1033,
Unassociated,0000f519feec486de87ed73cb92d3cac802400000000,2019-03-19 13:24:56,5afd3876668617b261e44c6a80e457093e631267,True,c:\windows\system32\msiexec.exe,msiexec.exe,.exe,2075-08-12 21:24:40,windows installer - unicode,93696,5.0.17763.1 (winbuild.160101.0800),5.0.17763.1,msiexec.exe|3560aeebc8ec9db4,pe64_amd64,True,5.0.17763.1,5.0.17763.1,0,1033,
Unassociated,0006b3eadf6dcf8069baee7c9ea03f9b49a200000904,2022-07-25 05:06:00,56a596db9c8384281302e23f05e3ceb3f670a437,False,c:\programdata\microsoft\windows defender\platform\4.18.1902.2-0\msmpeng.exe,MsMpEng.exe,.exe,2071-05-22 01:07:42,microsoft® windows® operating system,113992,4.18.1902.2 (gitenlistment(winpbld).190204-1454),4.18.1902.2,msmpeng.exe|2c96dd729fafd312,pe64_amd64,True,4.18.1902.2,4.18.1902.2,89238184,1033,
Unassociated,0000f519feec486de87ed73cb92d3cac802400000000,2022-07-24 15:14:07,82e7ffb4e780bf16f3c42d52e2c6b0a4ef48732c,True,c:\program files\windows defender\msmpeng.exe,MsMpEng.exe,.exe,2091-03-05 17:42:33,microsoft® windows® operating system,110944,4.18.1807.18075 (gitenlistment(winpbld).180719-0853),4.18.1807.18075,msmpeng.exe|63879835f5c234e3,pe64_amd64,True,4.18.1807.18075,4.18.1807.18075,0,1033,
Unassociated,0000f519feec486de87ed73cb92d3cac802400000000,2022-07-24 15:14:07,1d361c732509e6e5023e8dd57bf02ccb7c99d8fb,True,c:\windows\system32\musnotification.exe,MusNotification.exe,.exe,,,528384,10.0.17763.1 (winbuild.160101.0800),,musnotification.|7ea6ea568df85e1c,pe64_amd64,True,10.0.17763.1,,85238912,1033,
Unassociated,0000f519feec486de87ed73cb92d3cac802400000000,2022-07-24 15:14:10,08e4e5f8c5530741d046df59eb706d38e0ce73f6,True,c:\windows\microsoft.net\framework\v4.0.30319\ngen.exe,ngen.exe,.exe,2018-08-07 07:12:17,microsoft® .net framework,141904,4.7.3190.0 built by: net472rel1last_c,4.7.3190.0,ngen.exe|4653055c63a37b02,pe32_i386,True,4.7.3190.0,4.0.30319.0,0,1033,
Unassociated,0000f519feec486de87ed73cb92d3cac802400000000,2022-07-24 15:14:10,3b96b41d9f37b19250d5bfb4e08990b7426c8227,True,c:\windows\microsoft.net\framework64\v4.0.30319\ngen.exe,ngen.exe,.exe,2018-08-07 06:17:41,microsoft® .net framework,174160,4.7.3190.0 built by: net472rel1last_c,4.7.3190.0,ngen.exe|6737a0e56950a135,pe64_amd64,True,4.7.3190.0,4.0.30319.0,0,1033,
Unassociated,0000f519feec486de87ed73cb92d3cac802400000000,2022-07-24 15:14:10,58ee77dad865e7ba4e0219b091b2fbe0bb2c2c33,True,c:\windows\microsoft.net\framework64\v4.0.30319\ngentask.exe,ngentask.exe,.exe,2018-08-07 06:17:42,microsoft® .net framework,84560,4.7.3190.0 built by: net472rel1last_c,4.7.3190.0,ngentask.exe|5c7d7da84d53b8ea,pe64_clr_64,True,4.7.3190.0,4.0.30319.0,0,1033,
Unassociated,0000f519feec486de87ed73cb92d3cac802400000000,2022-07-24 15:14:10,9d332719698d4453dd5739b67d2bda52097bd99e,True,c:\windows\microsoft.net\framework\v4.0.30319\ngentask.exe,ngentask.exe,.exe,2018-08-07 07:12:16,microsoft® .net framework,85080,4.7.3190.0 built by: net472rel1last_c,4.7.3190.0,ngentask.exe|cc6494267adfb0bb,pe32_clr_32,True,4.7.3190.0,4.0.30319.0,0,1033,
Unassociated,0006abc5ac215924769bf3962e0bc5eb23c800000904,2022-07-24 15:14:07,b887ecd71568a5ec58c3b8d6ef2ff126276fffb5,False,c:\users\ieuser\appdata\local\microsoft\onedrive\onedrive.exe,OneDrive.exe,.exe,2036-02-20 22:43:52,microsoft onedrive,2632088,22.131.0619.0001,22.131.0619.0001,onedrive.exe|b415eef7589474aa,pe64_amd64,True,22.131.619.1,22.131.619.1,92860592,1033,
Unassociated,000682fe7d4241b1f201ff556b881d31a60800000904,2022-07-24 15:14:07,4c5b49556dd7c64c06afa9afb24fbbe046f25608,False,c:\users\ieuser\appdata\local\microsoft\onedrive\update\onedrivesetup.exe,OneDriveSetup.exe,.exe,2050-11-21 18:52:20,microsoft onedrive,55476112,22.131.0619.0001,22.131.0619.0001,onedrivesetup.ex|32c3d939c682f8e0,pe64_amd64,True,22.131.619.1,22.131.619.1,92980080,1033,
Unassociated,0000f519feec486de87ed73cb92d3cac802400000000,2019-03-19 13:01:43,96152df3b9c594fe0939e478a48fe211f2f1a39b,True,c:\windows\syswow64\onedrivesetup.exe,OneDriveSetup.exe,.exe,2018-09-11 21:57:42,microsoft onedrive,27860280,18.143.0717.0002,18.143.0717.0002,onedrivesetup.ex|d72672c5b63baf6d,pe32_i386,True,18.143.717.2,18.143.717.2,0,1033,
Unassociated,0006926a305a77c25254979d7434c097823c00000904,2022-07-24 15:13:35,51a985bdb0702d385baf509a93ac2bf3fff794a8,False,c:\users\ieuser\appdata\local\microsoft\onedrive\onedrivestandaloneupdater.exe,OneDriveStandaloneUpdater.exe,.exe,1988-03-31 13:44:05,microsoft onedrive,4214144,22.131.0619.0001,22.131.0619.0001,onedrivestandalo|7bac54bce957c042,pe64_amd64,True,22.131.619.1,22.131.619.1,92897280,1033,
Unassociated,0000f519feec486de87ed73cb92d3cac802400000000,2022-07-24 15:14:10,6cbce4a295c163791b60fc23d285e6d84f28ee4c,True,c:\windows\system32\windowspowershell\v1.0\powershell.exe,powershell.exe,.exe,2074-02-28 17:48:58,microsoft® windows® operating system,448000,10.0.17763.1 (winbuild.160101.0800),10.0.17763.1,powershell.exe|bd2e1475245f53a2,pe64_amd64,True,10.0.17763.1,10.0.17763.1,0,1033,
Unassociated,0000f519feec486de87ed73cb92d3cac802400000000,2022-07-24 15:14:09,e6bcade7272afdf52d963d0626a1dd4d26b39a7e,True,c:\windows\syswow64\windowspowershell\v1.0\powershell.exe,powershell.exe,.exe,2030-01-23 22:46:06,microsoft® windows® operating system,431104,10.0.17763.1 (winbuild.160101.0800),10.0.17763.1,powershell.exe|bdbb2c1d41b249e7,pe32_i386,True,10.0.17763.1,10.0.17763.1,0,1033,
Unassociated,0000f519feec486de87ed73cb92d3cac802400000000,2019-03-19 13:24:53,041f0d59cfcf6074d18242c0b3a75e4aec37fdbe,True,c:\windows\system32\printui.exe,printui.exe,.exe,1987-02-17 15:13:24,microsoft® windows® operating system,64000,10.0.17763.1 (winbuild.160101.0800),10.0.17763.1,printui.exe|b1b365a9ee021a0d,pe64_amd64,True,10.0.17763.1,10.0.17763.1,0,1033,
Unassociated,0000f519feec486de87ed73cb92d3cac802400000000,2022-07-24 15:14:07,49818ce7a23e2c5a23f761614050f42fdd95b22e,True,c:\windows\system32\securityhealthservice.exe,SecurityHealthService.exe,.exe,,,863744,4.18.1807.16384 (winbuild.160101.0800),,securityhealthse|3a6d325b78a9c5bf,pe64_amd64,True,4.18.1807.16384,,85285208,1033,
Unassociated,0000f519feec486de87ed73cb92d3cac802400000000,2019-03-19 13:06:32,d7fc50dc0a08c9ec089e428a03606ee4a2e8c759,True,c:\windows\system32\securityhealthsystray.exe,SecurityHealthSystray.exe,.exe,2042-08-07 08:41:00,microsoft® windows® operating system,83968,10.0.17763.1 (winbuild.160101.0800),10.0.17763.1,securityhealthsy|ba7157176e12da33,pe64_amd64,True,10.0.17763.1,10.0.17763.1,0,1033,
Unassociated,0000f519feec486de87ed73cb92d3cac802400000000,2019-03-19 13:01:19,3c60d92ef86fc4f658cde02f67a03f107ed6c062,True,c:\windows\system32\services.exe,services.exe,.exe,2104-09-24 09:35:22,microsoft® windows® operating system,679424,10.0.17763.1 (winbuild.160101.0800),10.0.17763.1,services.exe|a9f10120a5dfa066,pe64_amd64,True,10.0.17763.1,10.0.17763.1,0,1033,
Unassociated,0000f519feec486de87ed73cb92d3cac802400000000,2022-07-25 05:06:30,747a48eb0d2244ddb4ee8c77a5dbef30d3fff318,True,c:\windows\system32\sihclient.exe,SIHClient.exe,.exe,2014-08-18 19:11:51,microsoft® windows® operating system,287696,10.0.17763.1 (winbuild.160101.0800),10.0.17763.1,sihclient.exe|92e5ae7dc3f76efd,pe64_amd64,True,10.0.17763.1,10.0.17763.1,0,1033,
Unassociated,0006844b143cabfef1697f83ccef3c527f9200000904,2022-07-24 15:14:07,c8f5825499315eaf4b5046ff79ac9553e71ad1c0,False,c:\program files (x86)\microsoft silverlight\5.1.50918.0\silverlight.configuration.exe,Silverlight.Configuration.exe,.exe,2018-10-24 02:23:21,microsoft® silverlight,237192,5.1.50918.0,5.1.50918.0,silverlight.conf|24dfa37a9c3643e9,pe32_i386,True,5.1.50918.0,5.1.50918.0,8629840,1033,
Unassociated,0006a85856a74dc2f94b4453a5e7c4dccfd000000000,2022-07-24 15:14:10,50ed47d8124fe691a8c52cf24cfaab437e4af32f,False,c:\program files\windowsapps\microsoft.skypeapp_14.26.95.0_x64__kzf8qxf38zg5c\skype4life.exe,Skype4Life.exe,.exe,2018-08-29 01:26:56,microsoft skype,18432,8.26.0.95,8.26.0.95,skype4life.exe|19a8a876fb4486a5,pe64_amd64,True,8.26.0.95,8.26.0.95,2083136,0,
Unassociated,0006844b143cabfef1697f83ccef3c527f9200000904,2022-07-24 15:14:07,a48616abb7284d147c2256a35fdc546e39fb65b3,False,c:\program files (x86)\microsoft silverlight\sllauncher.exe,sllauncher.exe,.exe,2018-10-24 02:22:41,microsoft® silverlight,387208,5.1.50918.0,5.1.50918.0,sllauncher.exe|cf1bc1e9e9b7322e,pe32_i386,True,5.1.50918.0,5.1.50918.0,8294400,1033,
Unassociated,0000f519feec486de87ed73cb92d3cac802400000000,2019-03-19 12:59:58,48a666588fe797dd28366d4e0032f5919d3950b6,True,c:\windows\system32\spoolsv.exe,spoolsv.exe,.exe,1982-09-17 17:31:12,microsoft® windows® operating system,774144,10.0.17763.1 (winbuild.160101.0800),10.0.17763.1,spoolsv.exe|1bb2eb6a2f17a3d0,pe64_amd64,True,10.0.17763.1,10.0.17763.1,0,1033,
Unassociated,0000f519feec486de87ed73cb92d3cac802400000000,2019-03-19 13:01:19,a1385ce20ad79f55df235effd9780c31442aa234,True,c:\windows\system32\svchost.exe,svchost.exe,.exe,2068-05-10 03:29:03,microsoft® windows® operating system,51696,10.0.17763.1 (winbuild.160101.0800),10.0.17763.1,svchost.exe|3a3b9820ea882eb4,pe64_amd64,True,10.0.17763.1,10.0.17763.1,0,1033,
Unassociated,0006005eb1eb46a5019e508c136c8c3b8fa100000904,2022-07-24 15:19:07,52ac1d0b90182e7f4c6667026ecbea5bd82974b8,False,c:\windows\sysmon.exe,Sysmon.exe,.exe,2022-05-11 02:09:06,sysinternals sysmon,3925928,13.34,13.34,sysmon.exe|a86c985e9a28fe14,pe64_amd64,True,13.34.0.0,13.34.0.0,93988432,1033,
Unassociated,0000f519feec486de87ed73cb92d3cac802400000000,2019-03-19 12:59:46,121e6c3cf7af4ca30db43440f71c1510ec3ea261,True,c:\windows\system32\taskhostw.exe,taskhostw.exe,.exe,2048-10-11 05:32:14,microsoft® windows® operating system,86744,10.0.17763.1 (winbuild.160101.0800),10.0.17763.1,taskhostw.exe|87c6c7cdfdc02bad,pe64_amd64,True,10.0.17763.1,10.0.17763.1,2562672,1033,
Unassociated,00064575102fc3a6e3675d99ef52db7f751f00000904,2022-07-24 15:14:07,33aa88655f38d218c6e07888157117680ee082bf,False,c:\windows\winsxs\amd64_microsoft-windows-servicingstack_31bf3856ad364e35_10.0.17763.1_none_fa254b2e1f73e660\tiworker.exe,TiWorker.exe,.exe,,,204800,10.0.17763.1 (winbuild.160101.0800),,tiworker.exe|ece7a826eb2e8794,pe64_amd64,True,10.0.17763.1,,15606664,1033,
Unassociated,00064575102fc3a6e3675d99ef52db7f751f00000904,2019-03-19 13:08:00,33aa88655f38d218c6e07888157117680ee082bf,False,c:\windows\winsxs\amd64_microsoft-windows-servicingstack_31bf3856ad364e35_10.0.17763.164_none_7e114a3d4d0589d4\tiworker.exe,TiWorker.exe,.exe,1986-08-14 05:48:59,microsoft® windows® operating system,204800,10.0.17763.1 (winbuild.160101.0800),10.0.17763.1,tiworker.exe|fb3db2f3b428837c,pe64_amd64,True,10.0.17763.1,10.0.17763.1,15606664,1033,
Unassociated,0000f519feec486de87ed73cb92d3cac802400000000,2022-07-24 15:13:25,c8da81219b86fe94ea9bb5a52c7f518d76061b51,True,c:\windows\system32\unp\updatenotificationmgr.exe,UpdateNotificationMgr.exe,.exe,1997-11-01 05:25:39,microsoft® windows® operating system,407040,10.0.17763.1 (winbuild.160101.0800),10.0.17763.1,updatenotificati|8fc38934e9cb3fb6,pe64_amd64,True,10.0.17763.1,10.0.17763.1,0,1033,
Unassociated,0000f519feec486de87ed73cb92d3cac802400000000,2019-03-19 13:01:19,d35a6d77acf8e9ac80e345bde15032ae632a976d,True,c:\windows\system32\upfc.exe,upfc.exe,.exe,1990-05-12 07:45:38,microsoft® windows® operating system,118480,10.0.17763.1 (winbuild.160101.0800),10.0.17763.1,upfc.exe|5e5b940356e40b74,pe64_amd64,True,10.0.17763.1,10.0.17763.1,0,1033,
Unassociated,0000f519feec486de87ed73cb92d3cac802400000000,2022-07-24 15:19:08,9079e0d299bf4bd3fce54b335e44786b820ecdd8,True,c:\windows\system32\werfault.exe,WerFault.exe,.exe,2064-06-13 20:00:44,microsoft® windows® operating system,508216,10.0.17763.379 (winbuild.160101.0800),10.0.17763.379,werfault.exe|6ef8f048a55d3a7f,pe64_amd64,True,10.0.17763.379,10.0.17763.379,85240048,1033,
Unassociated,0000f519feec486de87ed73cb92d3cac802400000000,2022-07-24 15:15:46,5d73359fb248f9611d8674e3c854e3f111f58f34,True,c:\windows\system32\wermgr.exe,wermgr.exe,.exe,2070-02-28 15:23:58,microsoft® windows® operating system,212792,10.0.17763.1 (winbuild.160101.0800),10.0.17763.1,wermgr.exe|ae5df027a4ca83dd,pe64_amd64,True,10.0.17763.1,10.0.17763.1,85240904,1033,
Unassociated,0000f519feec486de87ed73cb92d3cac802400000000,2022-07-24 15:14:07,7290a3deadf86d38f03933cbd09da6841b6b2dcc,False,c:\windows\system32\winlogon.exe,winlogon.exe,.exe,,,779776,10.0.17763.1 (winbuild.160101.0800),,winlogon.exe|7111cb227d6798fb,pe64_amd64,True,10.0.17763.1,,15416,1033,
Unassociated,00062a5bf41b832bba62c3c66aa4f191145c00000000,2022-07-24 15:14:10,0f707655b73838667be6f9af80426b2c3cfaa0dd,False,c:\program files\windowsapps\microsoft.windowsstore_11805.1001.49.0_x64__8wekyb3d8bbwe\winstore.app.exe,WinStore.App.exe,.exe,2018-07-31 20:21:40,windows store,16384,11805.1001.49.0,11805.1001.49.0,winstore.app.exe|c29b37657647e42d,pe64_amd64,True,11805.1001.49.0,11805.1001.49.0,3415304,0,
Unassociated,0000f519feec486de87ed73cb92d3cac802400000000,2019-03-19 13:29:25,6c7fdd7a10b051889771f087ab1596a521a2820c,True,c:\windows\system32\wlrmdr.exe,wlrmdr.exe,.exe,2069-07-30 16:04:56,microsoft® windows® operating system,66336,10.0.17763.1 (winbuild.160101.0800),10.0.17763.1,wlrmdr.exe|68042d0671a61b35,pe64_amd64,True,10.0.17763.1,10.0.17763.1,0,1033,
Unassociated,0000f519feec486de87ed73cb92d3cac802400000000,2022-07-24 15:14:07,9f02f926440e40f49a342ec4535f65bf422555ed,True,c:\windows\system32\wuauclt.exe,wuauclt.exe,.exe,,,47512,10.0.17763.1 (winbuild.160101.0800),,wuauclt.exe|6d25ac45061433a4,pe64_amd64,True,10.0.17763.1,,85236784,0,
Unassociated,,2022-07-24 16:45:15,,False,,,,,,0,,,,,False,,,0,0,
