KeyName,LnkName,KeyLastWriteTimestamp
administrative t|284ca5d73c267a45,c:\users\ieuser\AppData\Roaming\Microsoft\Windows\Start Menu\Programs\System Tools\Administrative Tools.lnk,2022-07-24 15:14:07
character map.ln|a9bafb4ca6647e44,C:\ProgramData\Microsoft\Windows\Start Menu\Programs\Accessories\System Tools\Character Map.lnk,2022-07-24 15:14:07
command prompt.l|797114f417e188a0,c:\users\ieuser\AppData\Roaming\Microsoft\Windows\Start Menu\Programs\System Tools\Command Prompt.lnk,2022-07-24 15:14:07
component servic|359825efd3d8f6e7,C:\ProgramData\Microsoft\Windows\Start Menu\Programs\Administrative Tools\Component Services.lnk,2022-07-24 15:14:07
computer managem|234510a6c0bf02bf,C:\ProgramData\Microsoft\Windows\Start Menu\Programs\Administrative Tools\Computer Management.lnk,2022-07-24 15:14:07
computer.lnk|213bf534216a674,c:\users\ieuser\AppData\Roaming\Microsoft\Windows\Start Menu\Programs\System Tools\computer.lnk,2022-07-24 15:14:07
control panel.ln|477ad151245330be,c:\users\ieuser\AppData\Roaming\Microsoft\Windows\Start Menu\Programs\System Tools\Control Panel.lnk,2022-07-24 15:14:07
dfrgui.lnk|6d94f7be43a3a3a6,C:\ProgramData\Microsoft\Windows\Start Menu\Programs\Administrative Tools\dfrgui.lnk,2022-07-24 15:14:07
disk cleanup.lnk|62909f750f89c6e5,C:\ProgramData\Microsoft\Windows\Start Menu\Programs\Administrative Tools\Disk Cleanup.lnk,2022-07-24 15:14:07
eula.lnk|37f6a182a033ac78,c:\users\ieuser\Desktop\eula.lnk,2022-07-24 15:14:07
event viewer.lnk|53b878dde735fea7,C:\ProgramData\Microsoft\Windows\Start Menu\Programs\Administrative Tools\Event Viewer.lnk,2022-07-24 15:14:07
file explorer.ln|434d5f24bf6924fa,c:\users\ieuser\AppData\Roaming\Microsoft\Windows\Start Menu\Programs\System Tools\File Explorer.lnk,2022-07-24 15:14:07
internet explore|c38aa4cad6591048,c:\users\ieuser\AppData\Roaming\Microsoft\Windows\Start Menu\Programs\Accessories\Internet Explorer.lnk,2022-07-24 15:14:07
iscsi initiator.|afb67f6079313688,C:\ProgramData\Microsoft\Windows\Start Menu\Programs\Administrative Tools\iSCSI Initiator.lnk,2022-07-24 15:14:07
magnify.lnk|1db55cc3a36ad162,c:\users\ieuser\AppData\Roaming\Microsoft\Windows\Start Menu\Programs\Accessibility\Magnify.lnk,2022-07-24 15:14:07
math input panel|984bf2fa2a87f169,C:\ProgramData\Microsoft\Windows\Start Menu\Programs\Accessories\Math Input Panel.lnk,2022-07-24 15:14:07
memory diagnosti|feac8b8d8877aa2c,C:\ProgramData\Microsoft\Windows\Start Menu\Programs\Administrative Tools\Memory Diagnostics Tool.lnk,2022-07-24 15:14:07
microsoft silver|1d9f5e45aa2ff9ef,C:\ProgramData\Microsoft\Windows\Start Menu\Programs\Microsoft Silverlight\Microsoft Silverlight.lnk,2022-07-24 15:14:07
narrator.lnk|2a872c80240fea88,c:\users\ieuser\AppData\Roaming\Microsoft\Windows\Start Menu\Programs\Accessibility\Narrator.lnk,2022-07-24 15:14:07
notepad.lnk|598a4ba465a2c835,c:\users\ieuser\AppData\Roaming\Microsoft\Windows\Start Menu\Programs\Accessories\Notepad.lnk,2022-07-24 15:14:07
odbc data source|42e93af66b0179cc,C:\ProgramData\Microsoft\Windows\Start Menu\Programs\Administrative Tools\ODBC Data Sources (32-bit).lnk,2022-07-24 15:14:07
odbc data source|9740663b465a3030,C:\ProgramData\Microsoft\Windows\Start Menu\Programs\Administrative Tools\ODBC Data Sources (64-bit).lnk,2022-07-24 15:14:07
on-screen keyboa|17dc2e19b49ec09e,c:\users\ieuser\AppData\Roaming\Microsoft\Windows\Start Menu\Programs\Accessibility\On-Screen Keyboard.lnk,2022-07-24 15:14:07
onedrive.lnk|9c54d039f766d333,c:\users\ieuser\AppData\Roaming\Microsoft\Windows\Start Menu\Programs\OneDrive.lnk,2022-07-24 15:14:07
paint.lnk|a40dccd0d4ee6c9e,C:\ProgramData\Microsoft\Windows\Start Menu\Programs\Accessories\Paint.lnk,2022-07-24 15:14:07
performance moni|7b4ccc410e6c9b2,C:\ProgramData\Microsoft\Windows\Start Menu\Programs\Administrative Tools\Performance Monitor.lnk,2022-07-24 15:14:07
print management|d62876304a345243,C:\ProgramData\Microsoft\Windows\Start Menu\Programs\Administrative Tools\Print Management.lnk,2022-07-24 15:14:07
quick assist.lnk|aec648940984ef2c,C:\ProgramData\Microsoft\Windows\Start Menu\Programs\Accessories\Quick Assist.lnk,2022-07-24 15:14:07
recoverydrive.ln|bd17aaeacd8dade9,C:\ProgramData\Microsoft\Windows\Start Menu\Programs\Administrative Tools\RecoveryDrive.lnk,2022-07-24 15:14:07
registry editor.|5ddc248726504021,C:\ProgramData\Microsoft\Windows\Start Menu\Programs\Administrative Tools\Registry Editor.lnk,2022-07-24 15:14:07
remote desktop c|41f5bddb6f1b946e,C:\ProgramData\Microsoft\Windows\Start Menu\Programs\Accessories\Remote Desktop Connection.lnk,2022-07-24 15:14:07
resource monitor|f0b52ad95c113be1,C:\ProgramData\Microsoft\Windows\Start Menu\Programs\Administrative Tools\Resource Monitor.lnk,2022-07-24 15:14:07
run facter.lnk|fae40a4a92d59e69,C:\ProgramData\Microsoft\Windows\Start Menu\Programs\Puppet\Run Facter.lnk,2022-07-24 15:14:07
run puppet agent|f9275eba5bb4d8fb,C:\ProgramData\Microsoft\Windows\Start Menu\Programs\Puppet\Run Puppet Agent.lnk,2022-07-24 15:14:07
run.lnk|6a27f031f0a89318,c:\users\ieuser\AppData\Roaming\Microsoft\Windows\Start Menu\Programs\System Tools\Run.lnk,2022-07-24 15:14:07
security configu|7d509aa7f2a5ffcc,C:\ProgramData\Microsoft\Windows\Start Menu\Programs\Administrative Tools\Security Configuration Management.lnk,2022-07-24 15:14:07
services.lnk|701369eeb35d6005,C:\ProgramData\Microsoft\Windows\Start Menu\Programs\Administrative Tools\services.lnk,2022-07-24 15:14:07
snipping tool.ln|734ae0b30b37a6fa,C:\ProgramData\Microsoft\Windows\Start Menu\Programs\Accessories\Snipping Tool.lnk,2022-07-24 15:14:07
speech recogniti|5d57f1973bdd5430,C:\ProgramData\Microsoft\Windows\Start Menu\Programs\Accessibility\Speech Recognition.lnk,2022-07-24 15:14:07
start command pr|35cd8ee84389cea5,C:\ProgramData\Microsoft\Windows\Start Menu\Programs\Puppet\Start Command Prompt with Puppet.lnk,2022-07-24 15:14:07
steps recorder.l|87b62a644197e790,C:\ProgramData\Microsoft\Windows\Start Menu\Programs\Accessories\Steps Recorder.lnk,2022-07-24 15:14:07
system configura|82500ada25d8af21,C:\ProgramData\Microsoft\Windows\Start Menu\Programs\Administrative Tools\System Configuration.lnk,2022-07-24 15:14:07
system informati|47a9a0488f6fea8b,C:\ProgramData\Microsoft\Windows\Start Menu\Programs\Administrative Tools\System Information.lnk,2022-07-24 15:14:07
task manager.lnk|4502f59f3e4accf5,C:\ProgramData\Microsoft\Windows\Start Menu\Programs\System Tools\Task Manager.lnk,2022-07-24 15:14:07
task scheduler.l|a1ccac43511808e1,C:\ProgramData\Microsoft\Windows\Start Menu\Programs\Administrative Tools\Task Scheduler.lnk,2022-07-24 15:14:07
windows defender|9641b1036d9d2c34,C:\ProgramData\Microsoft\Windows\Start Menu\Programs\Administrative Tools\Windows Defender Firewall with Advanced Security.lnk,2022-07-24 15:14:07
windows fax and |1f239f501896c947,C:\ProgramData\Microsoft\Windows\Start Menu\Programs\Accessories\Windows Fax and Scan.lnk,2022-07-24 15:14:07
windows media pl|61db8c35c15c8cc6,C:\ProgramData\Microsoft\Windows\Start Menu\Programs\Accessories\Windows Media Player.lnk,2022-07-24 15:14:07
windows powershe|2f8eab81bee60c67,c:\users\ieuser\AppData\Roaming\Microsoft\Windows\Start Menu\Programs\Windows PowerShell\Windows PowerShell ISE (x86).lnk,2022-07-24 15:14:07
windows powershe|5422bcf042105980,c:\users\ieuser\AppData\Roaming\Microsoft\Windows\Start Menu\Programs\Windows PowerShell\Windows PowerShell.lnk,2022-07-24 15:14:07
windows powershe|62592b63e780feb9,c:\users\ieuser\AppData\Roaming\Microsoft\Windows\Start Menu\Programs\Windows PowerShell\Windows PowerShell (x86).lnk,2022-07-24 15:14:07
windows powershe|8a5f4697a8c67163,c:\users\ieuser\AppData\Roaming\Microsoft\Windows\Start Menu\Programs\Windows PowerShell\Windows PowerShell ISE.lnk,2022-07-24 15:14:07
wordpad.lnk|b071df8746c2a535,C:\ProgramData\Microsoft\Windows\Start Menu\Programs\Accessories\Wordpad.lnk,2022-07-24 15:14:07
